"","bin","total_length","num_contigs","N50","GC_content","percent_completion","percent_redundancy","t_domain","t_phylum","t_class","t_order","t_family","t_genus","t_species","control_mean","quagga_mean","p_value","sig","direction","date","sig_group"
"1","ND35_MAG_00002",2244586,62,73958,53.7082922438957,98.5915492957746,1.40845070422535,"Bacteria","Proteobacteria","Gammaproteobacteria","Burkholderiales","Burkholderiaceae",NA,NA,18.224,5.6082,2.6008298478121e-06,"yes","decrease","7/19/19","sig_decrease"
"2","ND35_MAG_00003",2036006,33,145780,35.1346291794865,98.5915492957746,1.40845070422535,"Bacteria","Bacteroidota","Bacteroidia","Chitinophagales","Chitinophagaceae","CAIWHF01","CAIWHF01",28.5515,3.4377,3.17678025143078e-13,"yes","decrease","7/19/19","sig_decrease"
"3","ND35_MAG_00003",2036006,33,145780,35.1346291794865,98.5915492957746,1.40845070422535,"Bacteria","Bacteroidota","Bacteroidia","Chitinophagales","Chitinophagaceae","CAIWHF01","CAIWHF01",4.9285,0.602,0.00207039956598366,"yes","decrease","8/13/19","sig_decrease"
"4","ND35_MAG_00003",2036006,33,145780,35.1346291794865,98.5915492957746,1.40845070422535,"Bacteria","Bacteroidota","Bacteroidia","Chitinophagales","Chitinophagaceae","CAIWHF01","CAIWHF01",6.0541,2.3608,0.0189094291387853,"yes","decrease","9/18/19","sig_decrease"
"5","ND35_MAG_00005",2498524,171,23965,34.8567935659276,98.5915492957746,2.8169014084507,"Bacteria","Bacteroidota","Bacteroidia","NS11-12g","UKL13-3","UBA6183","UBA6183",17.5087,1.009,3.29989864292805e-08,"yes","decrease","7/19/19","sig_decrease"
"6","ND35_MAG_00005",2498524,171,23965,34.8567935659276,98.5915492957746,2.8169014084507,"Bacteria","Bacteroidota","Bacteroidia","NS11-12g","UKL13-3","UBA6183","UBA6183",3.2398,0.2091,0.015135239435374,"yes","decrease","8/13/19","sig_decrease"
"7","ND35_MAG_00006",2300416,164,21858,67.0865632401184,95.7746478873239,0,"Bacteria","Proteobacteria","Gammaproteobacteria","Steroidobacterales","Steroidobacteraceae","UBA964","UBA964",13.5945,2.275,1.08215604893793e-06,"yes","decrease","7/19/19","sig_decrease"
"8","ND35_MAG_00006",2300416,164,21858,67.0865632401184,95.7746478873239,0,"Bacteria","Proteobacteria","Gammaproteobacteria","Steroidobacterales","Steroidobacteraceae","UBA964","UBA964",13.1849,2.1137,7.75152630772509e-07,"yes","decrease","8/13/19","sig_decrease"
"9","ND35_MAG_00006",2300416,164,21858,67.0865632401184,95.7746478873239,0,"Bacteria","Proteobacteria","Gammaproteobacteria","Steroidobacterales","Steroidobacteraceae","UBA964","UBA964",2.7305,1.4453,0.241534082829642,"no","decrease","9/18/19","other"
"10","ND35_MAG_00007",4385835,228,28780,68.0756882223296,95.7746478873239,1.40845070422535,"Bacteria","Verrucomicrobiota","Verrucomicrobiae","Opitutales","Opitutaceae","ER46","ER46",32.0155,12.6353,0.0102528189390774,"yes","decrease","7/19/19","sig_decrease"
"11","ND35_MAG_00008",2446909,44,81413,38.6794990935519,94.3661971830986,0,"Bacteria","Bacteroidota","Bacteroidia","Chitinophagales","Chitinophagaceae","SXYR01","SXYR01",18.728,2.062,3.27941355995701e-09,"yes","decrease","7/19/19","sig_decrease"
"12","ND35_MAG_00009",2461002,88,43840,44.9843884335611,97.1830985915493,2.8169014084507,"Bacteria","Bacteroidota","Bacteroidia","NS11-12g","UBA955","RGEC01","RGEC01",24.4584,1.6751,3.06677244542219e-11,"yes","decrease","7/19/19","sig_decrease"
"13","ND35_MAG_00009",2461002,88,43840,44.9843884335611,97.1830985915493,2.8169014084507,"Bacteria","Bacteroidota","Bacteroidia","NS11-12g","UBA955","RGEC01","RGEC01",4.1685,0.235,0.0066747110837037,"yes","decrease","8/13/19","sig_decrease"
"14","ND35_MAG_00009",2461002,88,43840,44.9843884335611,97.1830985915493,2.8169014084507,"Bacteria","Bacteroidota","Bacteroidia","NS11-12g","UBA955","RGEC01","RGEC01",3.3144,0.4924,0.0144943258836689,"yes","decrease","9/18/19","sig_decrease"
"15","ND35_MAG_00010",2304240,128,39119,60.1268181612161,97.1830985915493,2.8169014084507,"Bacteria","Proteobacteria","Gammaproteobacteria","Steroidobacterales","Steroidobacteraceae","UBA964","UBA964",30.6249,8.624,2.20900001004476e-10,"yes","decrease","7/19/19","sig_decrease"
"16","ND35_MAG_00012",1876165,178,18500,59.2313952632483,97.1830985915493,4.22535211267606,"Bacteria","Bacteroidota","Bacteroidia","Flavobacteriales","Schleiferiaceae","TMED14","TMED14",73.1929,5.8246,1.84547032341113e-21,"yes","decrease","7/19/19","sig_decrease"
"17","ND35_MAG_00012",1876165,178,18500,59.2313952632483,97.1830985915493,4.22535211267606,"Bacteria","Bacteroidota","Bacteroidia","Flavobacteriales","Schleiferiaceae","TMED14","TMED14",28.7712,2.7065,1.04253636613568e-13,"yes","decrease","8/13/19","sig_decrease"
"18","ND35_MAG_00012",1876165,178,18500,59.2313952632483,97.1830985915493,4.22535211267606,"Bacteria","Bacteroidota","Bacteroidia","Flavobacteriales","Schleiferiaceae","TMED14","TMED14",18.323,2.7831,1.47790590936958e-08,"yes","decrease","9/18/19","sig_decrease"
"19","ND35_MAG_00014",3333886,387,13312,52.280046483459,95.7746478873239,2.8169014084507,"Bacteria","Proteobacteria","Gammaproteobacteria","Burkholderiales","Burkholderiaceae","UBA3064","UBA3064",39.4056,7.4468,4.41071004408132e-16,"yes","decrease","7/19/19","sig_decrease"
"20","ND35_MAG_00014",3333886,387,13312,52.280046483459,95.7746478873239,2.8169014084507,"Bacteria","Proteobacteria","Gammaproteobacteria","Burkholderiales","Burkholderiaceae","UBA3064","UBA3064",8.8945,2.207,0.000209912484366805,"yes","decrease","8/13/19","sig_decrease"
"21","ND35_MAG_00015",2298910,117,32521,37.7991565683272,94.3661971830986,2.8169014084507,"Bacteria","Bacteroidota","Bacteroidia","AKYH767","B-17BO","UBA2475","UBA2475",18.2941,0.6447,1.5160508190145e-07,"yes","decrease","7/19/19","sig_decrease"
"22","ND35_MAG_00015",2298910,117,32521,37.7991565683272,94.3661971830986,2.8169014084507,"Bacteria","Bacteroidota","Bacteroidia","AKYH767","B-17BO","UBA2475","UBA2475",11.5776,0.6846,5.43503655737699e-06,"yes","decrease","8/13/19","sig_decrease"
"23","ND35_MAG_00015",2298910,117,32521,37.7991565683272,94.3661971830986,2.8169014084507,"Bacteria","Bacteroidota","Bacteroidia","AKYH767","B-17BO","UBA2475","UBA2475",5.2731,0.7156,0.00187453411305593,"yes","decrease","9/18/19","sig_decrease"
"24","ND35_MAG_00016",2620213,171,24133,38.6794982143935,95.7746478873239,4.22535211267606,"Bacteria","Bacteroidota","Bacteroidia","Cytophagales","Spirosomaceae","Aquirufa",NA,26.7463,3.2024,1.73638402204921e-12,"yes","decrease","7/19/19","sig_decrease"
"25","ND35_MAG_00016",2620213,171,24133,38.6794982143935,95.7746478873239,4.22535211267606,"Bacteria","Bacteroidota","Bacteroidia","Cytophagales","Spirosomaceae","Aquirufa",NA,3.2741,0.2817,0.0124688735664562,"yes","decrease","8/13/19","sig_decrease"
"26","ND35_MAG_00016",2620213,171,24133,38.6794982143935,95.7746478873239,4.22535211267606,"Bacteria","Bacteroidota","Bacteroidia","Cytophagales","Spirosomaceae","Aquirufa",NA,8.0556,4.1014,0.0348432060082347,"yes","decrease","9/18/19","sig_decrease"
"27","ND35_MAG_00018",6100317,419,22236,50.4568137790731,92.9577464788732,2.8169014084507,"Bacteria","Planctomycetota","Planctomycetes","Pirellulales","Pirellulaceae","Pirellula","Pirellula",10.3744,11.5742,0.636827636905869,"no","increase","7/19/19","other"
"28","ND35_MAG_00020",4451862,406,16465,67.1158350217419,92.9577464788732,4.22535211267606,"Bacteria","Verrucomicrobiota","Verrucomicrobiae","Opitutales","Opitutaceae","ER46","ER46",25.6757,7.0941,5.21586749910112e-06,"yes","decrease","7/19/19","sig_decrease"
"29","ND35_MAG_00020",4451862,406,16465,67.1158350217419,92.9577464788732,4.22535211267606,"Bacteria","Verrucomicrobiota","Verrucomicrobiae","Opitutales","Opitutaceae","ER46","ER46",3.523,0.1086,0.023902616456103,"yes","decrease","8/13/19","sig_decrease"
"30","ND35_MAG_00020",4451862,406,16465,67.1158350217419,92.9577464788732,4.22535211267606,"Bacteria","Verrucomicrobiota","Verrucomicrobiae","Opitutales","Opitutaceae","ER46","ER46",4.42,0.3459,0.00434832813088761,"yes","decrease","9/18/19","sig_decrease"
"31","ND35_MAG_00021",2279467,119,29328,36.0313954033591,90.1408450704225,1.40845070422535,NA,NA,NA,NA,NA,NA,NA,12.7976,1.7148,1.24275732396682e-06,"yes","decrease","7/19/19","sig_decrease"
"32","ND35_MAG_00022",785783,41,22713,45.1902579875465,88.7323943661972,0,NA,NA,NA,NA,NA,NA,NA,27.7002,1.6647,2.92321308808563e-12,"yes","decrease","7/19/19","sig_decrease"
"33","ND35_MAG_00022",785783,41,22713,45.1902579875465,88.7323943661972,0,NA,NA,NA,NA,NA,NA,NA,5.2773,0.8467,0.00224025582961127,"yes","decrease","9/18/19","sig_decrease"
"34","ND35_MAG_00023",1312390,164,9386,54.0403903122978,90.1408450704225,1.40845070422535,"Bacteria","Proteobacteria","Gammaproteobacteria","Burkholderiales","Burkholderiaceae","UBA954","UBA954",43.0559,51.6964,0.456491266440814,"no","increase","7/19/19","other"
"35","ND35_MAG_00023",1312390,164,9386,54.0403903122978,90.1408450704225,1.40845070422535,"Bacteria","Proteobacteria","Gammaproteobacteria","Burkholderiales","Burkholderiaceae","UBA954","UBA954",97.9119,121.0029,0.176045007500211,"no","increase","8/13/19","other"
"36","ND35_MAG_00023",1312390,164,9386,54.0403903122978,90.1408450704225,1.40845070422535,"Bacteria","Proteobacteria","Gammaproteobacteria","Burkholderiales","Burkholderiaceae","UBA954","UBA954",10.9282,22.8656,0.000286864594964726,"yes","increase","9/18/19","other"
"37","ND35_MAG_00024",1972515,190,15591,49.2763809476056,88.7323943661972,1.40845070422535,"Bacteria","Bacteroidota","Bacteroidia","Chitinophagales","Chitinophagaceae","JJ008","JJ008",36.1724,4.584,2.81141945296281e-16,"yes","decrease","7/19/19","sig_decrease"
"38","ND35_MAG_00026",1796315,282,7663,34.431991977381,85.9154929577465,2.8169014084507,"Bacteria","Bacteroidota","Bacteroidia","Chitinophagales","Chitinophagaceae","Sediminibacterium",NA,48.3566,8.7417,1.09365441631949e-19,"yes","decrease","7/19/19","sig_decrease"
"39","ND35_MAG_00026",1796315,282,7663,34.431991977381,85.9154929577465,2.8169014084507,"Bacteria","Bacteroidota","Bacteroidia","Chitinophagales","Chitinophagaceae","Sediminibacterium",NA,7.2415,1.2766,0.000298929746689498,"yes","decrease","8/13/19","sig_decrease"
"40","ND35_MAG_00027",1800193,172,14828,46.7941916648656,83.0985915492958,0,"Bacteria","Bacteroidota","Bacteroidia","Chitinophagales","Chitinophagaceae","JJ008","JJ008",14.1927,1.7657,2.90168470380623e-07,"yes","decrease","7/19/19","sig_decrease"
"41","ND35_MAG_00028",3750782,732,5475,55.3765145740636,84.5070422535211,1.40845070422535,"Bacteria","Planctomycetota","Planctomycetes","Pirellulales","Pirellulaceae","Pirellula","Pirellula",6.6121,6.509,0.957945292240287,"no","decrease","7/19/19","other"
"42","ND35_MAG_00028",3750782,732,5475,55.3765145740636,84.5070422535211,1.40845070422535,"Bacteria","Planctomycetota","Planctomycetes","Pirellulales","Pirellulaceae","Pirellula","Pirellula",1.9252,2.4349,0.626210475921758,"no","increase","8/13/19","other"
"43","ND35_MAG_00029",3577505,474,9508,67.223372371893,87.3239436619718,4.22535211267606,"Bacteria","Verrucomicrobiota","Verrucomicrobiae","Opitutales","Opitutaceae","ER46","ER46",4.831,1.6712,0.0231867423234347,"yes","decrease","7/19/19","sig_decrease"
"44","ND35_MAG_00029",3577505,474,9508,67.223372371893,87.3239436619718,4.22535211267606,"Bacteria","Verrucomicrobiota","Verrucomicrobiae","Opitutales","Opitutaceae","ER46","ER46",18.4033,1.6637,2.637797387846e-08,"yes","decrease","8/13/19","sig_decrease"
"45","ND35_MAG_00029",3577505,474,9508,67.223372371893,87.3239436619718,4.22535211267606,"Bacteria","Verrucomicrobiota","Verrucomicrobiae","Opitutales","Opitutaceae","ER46","ER46",18.1071,2.3764,2.64640509400575e-08,"yes","decrease","9/18/19","sig_decrease"
"46","ND35_MAG_00030",1534612,241,7643,41.6804874359696,87.3239436619718,4.22535211267606,"Bacteria","Bacteroidota","Bacteroidia","Chitinophagales","Chitinophagaceae","JJ008","JJ008",68.3706,6.3594,4.28464635568746e-24,"yes","decrease","7/19/19","sig_decrease"
"47","ND35_MAG_00030",1534612,241,7643,41.6804874359696,87.3239436619718,4.22535211267606,"Bacteria","Bacteroidota","Bacteroidia","Chitinophagales","Chitinophagaceae","JJ008","JJ008",31.8417,3.5603,4.46374310975128e-15,"yes","decrease","8/13/19","sig_decrease"
"48","ND35_MAG_00030",1534612,241,7643,41.6804874359696,87.3239436619718,4.22535211267606,"Bacteria","Bacteroidota","Bacteroidia","Chitinophagales","Chitinophagaceae","JJ008","JJ008",14.5768,4.1743,5.33583273658738e-05,"yes","decrease","9/18/19","sig_decrease"
"49","ND35_MAG_00031",1341986,270,5272,55.7000370756241,84.5070422535211,2.8169014084507,"Bacteria","Bacteroidota","Bacteroidia","Flavobacteriales","Schleiferiaceae","TMED14","TMED14",16.5715,1.3164,3.26524979463176e-08,"yes","decrease","7/19/19","sig_decrease"
"50","ND35_MAG_00031",1341986,270,5272,55.7000370756241,84.5070422535211,2.8169014084507,"Bacteria","Bacteroidota","Bacteroidia","Flavobacteriales","Schleiferiaceae","TMED14","TMED14",4.4229,0.1833,0.00756048779242388,"yes","decrease","8/13/19","sig_decrease"
"51","ND35_MAG_00031",1341986,270,5272,55.7000370756241,84.5070422535211,2.8169014084507,"Bacteria","Bacteroidota","Bacteroidia","Flavobacteriales","Schleiferiaceae","TMED14","TMED14",33.1939,4.8655,8.36039605458393e-12,"yes","decrease","9/18/19","sig_decrease"
"52","ND35_MAG_00032",1450038,256,6146,56.1352638993473,88.7323943661972,7.04225352112676,"Bacteria","Bacteroidota","Bacteroidia",NA,NA,NA,NA,56.8753,4.282,5.59612738571469e-20,"yes","decrease","7/19/19","sig_decrease"
"53","ND35_MAG_00034",2530339,460,6278,66.3798692814965,88.7323943661972,9.85915492957746,"Bacteria","Verrucomicrobiota","Verrucomicrobiae","Opitutales","Opitutaceae","UBA6669","UBA6669",11.127,3.8092,0.000526521542885647,"yes","decrease","7/19/19","sig_decrease"
"54","ND35_MAG_00035",2303491,398,6504,44.0218071653042,81.6901408450704,2.8169014084507,"Bacteria","Bacteroidota","Bacteroidia","Chitinophagales","Chitinophagaceae","SXYR01","SXYR01",13.554,0.8073,1.06746101364672e-06,"yes","decrease","7/19/19","sig_decrease"
"55","ND35_MAG_00035",2303491,398,6504,44.0218071653042,81.6901408450704,2.8169014084507,"Bacteria","Bacteroidota","Bacteroidia","Chitinophagales","Chitinophagaceae","SXYR01","SXYR01",3.4423,0.1903,0.0139349950692957,"yes","decrease","8/13/19","sig_decrease"
"56","ND35_MAG_00036",3716333,520,8665,62.6539041186856,84.5070422535211,5.63380281690141,"Bacteria","Verrucomicrobiota","Verrucomicrobiae","Opitutales","Opitutaceae","Tous-C4FEB","Tous-C4FEB",10.8238,2.3547,3.76614415730044e-05,"yes","decrease","7/19/19","sig_decrease"
"57","ND35_MAG_00036",3716333,520,8665,62.6539041186856,84.5070422535211,5.63380281690141,"Bacteria","Verrucomicrobiota","Verrucomicrobiae","Opitutales","Opitutaceae","Tous-C4FEB","Tous-C4FEB",10.843,0.5626,1.50768057062081e-05,"yes","decrease","8/13/19","sig_decrease"
"58","ND35_MAG_00036",3716333,520,8665,62.6539041186856,84.5070422535211,5.63380281690141,"Bacteria","Verrucomicrobiota","Verrucomicrobiae","Opitutales","Opitutaceae","Tous-C4FEB","Tous-C4FEB",16.9221,1.8836,1.31935912117876e-07,"yes","decrease","9/18/19","sig_decrease"
"59","ND35_MAG_00037",848519,203,4199,33.7168262353665,80.2816901408451,1.40845070422535,"Bacteria","Proteobacteria","Alphaproteobacteria","Rickettsiales","Rickettsiaceae","SXXS01","SXXS01",6.5085,0.9424,0.000592735643829595,"yes","decrease","7/19/19","sig_decrease"
"60","ND35_MAG_00037",848519,203,4199,33.7168262353665,80.2816901408451,1.40845070422535,"Bacteria","Proteobacteria","Alphaproteobacteria","Rickettsiales","Rickettsiaceae","SXXS01","SXXS01",2.6781,0.3142,0.0230492796488421,"yes","decrease","8/13/19","sig_decrease"
"61","ND35_MAG_00037",848519,203,4199,33.7168262353665,80.2816901408451,1.40845070422535,"Bacteria","Proteobacteria","Alphaproteobacteria","Rickettsiales","Rickettsiaceae","SXXS01","SXXS01",4.2821,1.2468,0.0193536104560712,"yes","decrease","9/18/19","sig_decrease"
"62","ND35_MAG_00038",2509496,251,13589,39.6845907784667,80.2816901408451,2.8169014084507,"Bacteria","Bacteroidota","Bacteroidia","Flavobacteriales","Crocinitomicaceae","M0103","M0103",9.4484,0.9152,2.62996773311042e-05,"yes","decrease","7/19/19","sig_decrease"
"63","ND35_MAG_00039",1268624,182,8293,30.3659216844216,80.2816901408451,2.8169014084507,NA,NA,NA,NA,NA,NA,NA,10.545,2.5494,8.05649056527814e-05,"yes","decrease","7/19/19","sig_decrease"
"64","ND35_MAG_00039",1268624,182,8293,30.3659216844216,80.2816901408451,2.8169014084507,NA,NA,NA,NA,NA,NA,NA,2.209,0.4655,0.0534722074011865,"no","decrease","8/13/19","other"
"65","ND35_MAG_00039",1268624,182,8293,30.3659216844216,80.2816901408451,2.8169014084507,NA,NA,NA,NA,NA,NA,NA,4.6688,1.5708,0.023291148785916,"yes","decrease","9/18/19","sig_decrease"
"66","ND35_MAG_00040",2374001,204,15710,62.242519572595,80.2816901408451,4.22535211267606,"Bacteria","Proteobacteria","Gammaproteobacteria","Burkholderiales","Burkholderiaceae","Polaromonas",NA,15.6909,1.7744,6.19857317482414e-08,"yes","decrease","7/19/19","sig_decrease"
"67","ND35_MAG_00041",2304465,252,11706,37.9413205123127,81.6901408450704,5.63380281690141,"Bacteria","Bacteroidota","Bacteroidia","Chitinophagales","Chitinophagaceae","Sediminibacterium","Sediminibacterium",24.1596,5.0469,4.90260653635684e-10,"yes","decrease","7/19/19","sig_decrease"
"68","ND35_MAG_00041",2304465,252,11706,37.9413205123127,81.6901408450704,5.63380281690141,"Bacteria","Bacteroidota","Bacteroidia","Chitinophagales","Chitinophagaceae","Sediminibacterium","Sediminibacterium",49.3624,8.0967,2.28940279317023e-08,"yes","decrease","8/13/19","sig_decrease"
"69","ND35_MAG_00041",2304465,252,11706,37.9413205123127,81.6901408450704,5.63380281690141,"Bacteria","Bacteroidota","Bacteroidia","Chitinophagales","Chitinophagaceae","Sediminibacterium","Sediminibacterium",31.7514,17.8435,0.000232232169599019,"yes","decrease","9/18/19","sig_decrease"
"70","ND35_MAG_00042",2513208,536,4879,54.9827186329653,80.2816901408451,5.63380281690141,"Bacteria","Proteobacteria","Gammaproteobacteria","Burkholderiales","Burkholderiaceae","CAINMN01","CAINMN01",7.714,8.5114,0.715035271342328,"no","increase","7/19/19","other"
"71","ND35_MAG_00042",2513208,536,4879,54.9827186329653,80.2816901408451,5.63380281690141,"Bacteria","Proteobacteria","Gammaproteobacteria","Burkholderiales","Burkholderiaceae","CAINMN01","CAINMN01",11.7825,18.6748,0.0404232152157104,"yes","increase","8/13/19","other"
"72","ND35_MAG_00042",2513208,536,4879,54.9827186329653,80.2816901408451,5.63380281690141,"Bacteria","Proteobacteria","Gammaproteobacteria","Burkholderiales","Burkholderiaceae","CAINMN01","CAINMN01",6.0025,9.2894,0.128293263658522,"no","increase","9/18/19","other"
"73","ND35_MAG_00043",1911006,274,8348,41.0802299632656,80.2816901408451,5.63380281690141,"Bacteria","Bacteroidota","Bacteroidia","Chitinophagales","Chitinophagaceae","SXYR01","SXYR01",6.0831,0.5103,0.000785417888748865,"yes","decrease","7/19/19","sig_decrease"
"74","ND35_MAG_00043",1911006,274,8348,41.0802299632656,80.2816901408451,5.63380281690141,"Bacteria","Bacteroidota","Bacteroidia","Chitinophagales","Chitinophagaceae","SXYR01","SXYR01",7.771,0.9161,0.00010842534930204,"yes","decrease","8/13/19","sig_decrease"
"75","ND35_MAG_00044",2245059,400,6319,54.9925461638658,84.5070422535211,9.85915492957746,"Bacteria","Proteobacteria","Gammaproteobacteria","Burkholderiales","Burkholderiaceae",NA,NA,14.1523,12.1354,0.545038560437746,"no","decrease","7/19/19","other"
"76","ND35_MAG_00044",2245059,400,6319,54.9925461638658,84.5070422535211,9.85915492957746,"Bacteria","Proteobacteria","Gammaproteobacteria","Burkholderiales","Burkholderiaceae",NA,NA,19.9088,39.4574,0.00431240036081089,"yes","increase","8/13/19","other"
"77","ND35_MAG_00044",2245059,400,6319,54.9925461638658,84.5070422535211,9.85915492957746,"Bacteria","Proteobacteria","Gammaproteobacteria","Burkholderiales","Burkholderiaceae",NA,NA,2.7758,4.2668,0.309108934572435,"no","increase","9/18/19","other"
"78","ND35_MAG_00045",2144283,184,16502,64.8911537306666,81.6901408450704,8.45070422535211,"Bacteria","Actinobacteriota","Acidimicrobiia","Acidimicrobiales","Ilumatobacteraceae","Casp-actino8","Casp-actino8",29.6297,13.3293,9.4619121012545e-05,"yes","decrease","7/19/19","sig_decrease"
"79","ND35_MAG_00045",2144283,184,16502,64.8911537306666,81.6901408450704,8.45070422535211,"Bacteria","Actinobacteriota","Acidimicrobiia","Acidimicrobiales","Ilumatobacteraceae","Casp-actino8","Casp-actino8",12.3857,8.0293,0.0557110100626074,"no","decrease","8/13/19","other"
"80","ND35_MAG_00045",2144283,184,16502,64.8911537306666,81.6901408450704,8.45070422535211,"Bacteria","Actinobacteriota","Acidimicrobiia","Acidimicrobiales","Ilumatobacteraceae","Casp-actino8","Casp-actino8",5.9852,7.0683,0.581533908622035,"no","increase","9/18/19","other"
"81","ND42_MAG_00001",2927329,62,111483,63.683978667502,100,0,"Bacteria","Proteobacteria","Alphaproteobacteria","Sphingomonadales","Sphingomonadaceae","Novosphingobium",NA,2.6681,0.687,0.0523170595979452,"no","decrease","7/19/19","other"
"82","ND42_MAG_00005",2606801,45,99503,65.0033005437239,98.5915492957746,0,"Bacteria","Planctomycetota","Phycisphaerae","Phycisphaerales","SM1A02","JACMLW01","JACMLW01",2.3445,1.1318,0.203193577264276,"no","decrease","8/13/19","other"
"83","ND42_MAG_00008",3548776,98,63464,67.8448604941752,100,2.8169014084507,"Bacteria","Proteobacteria","Gammaproteobacteria","Burkholderiales","Burkholderiaceae","Inhella","Inhella",2.0234,1.7755,0.799327906957424,"no","decrease","8/13/19","other"
"84","ND42_MAG_00009",3580421,156,44137,66.6563591271306,97.1830985915493,0,"Bacteria","Verrucomicrobiota","Verrucomicrobiae","Opitutales","Opitutaceae","UBA6669","UBA6669",9.2859,3.1312,0.00139709495726539,"yes","decrease","7/19/19","sig_decrease"
"85","ND42_MAG_00011",2149042,144,25414,44.8343558921712,98.5915492957746,1.40845070422535,"Bacteria","Bacteroidota","Bacteroidia","Flavobacteriales","Crocinitomicaceae","UBA952",NA,8.6558,0.5003,0.000101980855481369,"yes","decrease","7/19/19","sig_decrease"
"86","ND42_MAG_00011",2149042,144,25414,44.8343558921712,98.5915492957746,1.40845070422535,"Bacteria","Bacteroidota","Bacteroidia","Flavobacteriales","Crocinitomicaceae","UBA952",NA,30.4835,2.7632,2.12713896957843e-14,"yes","decrease","8/13/19","sig_decrease"
"87","ND42_MAG_00011",2149042,144,25414,44.8343558921712,98.5915492957746,1.40845070422535,"Bacteria","Bacteroidota","Bacteroidia","Flavobacteriales","Crocinitomicaceae","UBA952",NA,31.6328,4.507,4.13582837858987e-10,"yes","decrease","9/18/19","sig_decrease"
"88","ND42_MAG_00012",2382489,117,51096,63.1902917342488,95.7746478873239,0,"Bacteria","Bacteroidota","Bacteroidia","Flavobacteriales","UA16","UA16",NA,3.0475,0.0127,0.217613192363649,"no","decrease","8/13/19","other"
"89","ND42_MAG_00012",2382489,117,51096,63.1902917342488,95.7746478873239,0,"Bacteria","Bacteroidota","Bacteroidia","Flavobacteriales","UA16","UA16",NA,4.197,0.2817,0.00601207108375423,"yes","decrease","9/18/19","sig_decrease"
"90","ND42_MAG_00013",4140856,371,14530,41.7435177566556,97.1830985915493,1.40845070422535,"Bacteria","Cyanobacteria","Cyanobacteriia","Pseudanabaenales","Pseudanabaenaceae","Pseudanabaena",NA,3.9091,1.8788,0.0988206893488476,"no","decrease","8/13/19","other"
"91","ND42_MAG_00017",3974267,186,30969,72.611247928555,95.7746478873239,1.40845070422535,"Bacteria","Proteobacteria","Gammaproteobacteria","Burkholderiales","Burkholderiaceae","Rubrivivax","Rubrivivax",5.1497,2.4039,0.0511094206858909,"no","decrease","8/13/19","other"
"92","ND42_MAG_00019",3308292,224,19388,69.9243703283521,97.1830985915493,2.8169014084507,"Bacteria","Proteobacteria","Gammaproteobacteria",NA,NA,NA,NA,6.688,7.9565,0.542366223503993,"no","increase","7/19/19","other"
"93","ND42_MAG_00019",3308292,224,19388,69.9243703283521,97.1830985915493,2.8169014084507,"Bacteria","Proteobacteria","Gammaproteobacteria",NA,NA,NA,NA,5.1434,5.2277,0.958259262037388,"no","increase","8/13/19","other"
"94","ND42_MAG_00022",3874532,300,19935,68.4463753190108,97.1830985915493,4.22535211267606,"Bacteria","Verrucomicrobiota","Verrucomicrobiae","Pedosphaerales","UBA9464","SXXZ01",NA,4.053,0.2352,0.00726482187732911,"yes","decrease","8/13/19","sig_decrease"
"95","ND42_MAG_00022",3874532,300,19935,68.4463753190108,97.1830985915493,4.22535211267606,"Bacteria","Verrucomicrobiota","Verrucomicrobiae","Pedosphaerales","UBA9464","SXXZ01",NA,2.5632,0.1613,0.0328555275611954,"yes","decrease","9/18/19","sig_decrease"
"96","ND42_MAG_00023",2559129,207,18128,65.0980393140616,94.3661971830986,1.40845070422535,"Bacteria","Proteobacteria","Gammaproteobacteria","Burkholderiales","Burkholderiaceae","Polaromonas",NA,18.4182,2.1284,4.59778345472714e-09,"yes","decrease","7/19/19","sig_decrease"
"97","ND42_MAG_00023",2559129,207,18128,65.0980393140616,94.3661971830986,1.40845070422535,"Bacteria","Proteobacteria","Gammaproteobacteria","Burkholderiales","Burkholderiaceae","Polaromonas",NA,5.1058,1.9167,0.0207131653840482,"yes","decrease","8/13/19","sig_decrease"
"98","ND42_MAG_00025",2169387,112,31792,39.6753420987919,94.3661971830986,1.40845070422535,"Bacteria","Bacteroidota","Bacteroidia",NA,NA,NA,NA,12.5569,3.7432,3.94800575304328e-05,"yes","decrease","8/13/19","sig_decrease"
"99","ND42_MAG_00025",2169387,112,31792,39.6753420987919,94.3661971830986,1.40845070422535,"Bacteria","Bacteroidota","Bacteroidia",NA,NA,NA,NA,2.0431,1.3582,0.488332407912086,"no","decrease","9/18/19","other"
"100","ND42_MAG_00029",2447277,169,22256,61.2595905379655,95.7746478873239,2.8169014084507,"Bacteria","Proteobacteria","Gammaproteobacteria","Burkholderiales","Burkholderiaceae","CAINMN01","CAINMN01",23.6927,9.272,3.63299347722112e-06,"yes","decrease","7/19/19","sig_decrease"
"101","ND42_MAG_00029",2447277,169,22256,61.2595905379655,95.7746478873239,2.8169014084507,"Bacteria","Proteobacteria","Gammaproteobacteria","Burkholderiales","Burkholderiaceae","CAINMN01","CAINMN01",6.377,4.9897,0.411704812584526,"no","decrease","8/13/19","other"
"102","ND42_MAG_00031",2209411,192,17614,66.1733066797873,94.3661971830986,2.8169014084507,"Bacteria","Verrucomicrobiota","Verrucomicrobiae","Opitutales","UBA953","UBA953",NA,23.3537,2.7982,2.8821383443693e-08,"yes","decrease","8/13/19","sig_decrease"
"103","ND42_MAG_00032",2274830,107,51414,60.3247383497829,94.3661971830986,2.8169014084507,"Bacteria","Proteobacteria","Gammaproteobacteria","Steroidobacterales","Steroidobacteraceae","UBA964","UBA964",2.2921,0.5653,0.0678419495311144,"no","decrease","7/19/19","other"
"104","ND42_MAG_00034",3770877,441,11217,37.0636953198878,97.1830985915493,5.63380281690141,"Bacteria","Cyanobacteria","Cyanobacteriia","Cyanobacteriales","Nostocaceae","Dolichospermum","Dolichospermum",7.0372,4.185,0.112296037733149,"no","decrease","7/19/19","other"
"105","ND42_MAG_00035",1859517,169,19340,53.489070770069,94.3661971830986,2.8169014084507,"Bacteria","Bacteroidota","Bacteroidia","UBA7662","UBA7662","SYHX01",NA,3.1175,0.61,0.0232515038424237,"yes","decrease","7/19/19","sig_decrease"
"106","ND42_MAG_00035",1859517,169,19340,53.489070770069,94.3661971830986,2.8169014084507,"Bacteria","Bacteroidota","Bacteroidia","UBA7662","UBA7662","SYHX01",NA,20.5218,1.593,5.13293771383978e-10,"yes","decrease","8/13/19","sig_decrease"
"107","ND42_MAG_00035",1859517,169,19340,53.489070770069,94.3661971830986,2.8169014084507,"Bacteria","Bacteroidota","Bacteroidia","UBA7662","UBA7662","SYHX01",NA,11.9699,1.8471,3.72823741965566e-06,"yes","decrease","9/18/19","sig_decrease"
"108","ND42_MAG_00036",4299823,271,24606,67.2256332983242,95.7746478873239,4.22535211267606,"Bacteria","Verrucomicrobiota","Verrucomicrobiae","Opitutales","Opitutaceae","ER46","ER46",16.6138,4.1052,8.9710334925377e-07,"yes","decrease","7/19/19","sig_decrease"
"109","ND42_MAG_00036",4299823,271,24606,67.2256332983242,95.7746478873239,4.22535211267606,"Bacteria","Verrucomicrobiota","Verrucomicrobiae","Opitutales","Opitutaceae","ER46","ER46",2.3359,0.031,0.130538908331015,"no","decrease","8/13/19","other"
"110","ND42_MAG_00036",4299823,271,24606,67.2256332983242,95.7746478873239,4.22535211267606,"Bacteria","Verrucomicrobiota","Verrucomicrobiae","Opitutales","Opitutaceae","ER46","ER46",3.7317,0.2571,0.00942445464830954,"yes","decrease","9/18/19","sig_decrease"
"111","ND42_MAG_00037",3931220,564,8654,73.1044028249305,92.9577464788732,1.40845070422535,"Bacteria","Planctomycetota","UBA1135","UBA2386","UBA2386","UBA2386","UBA2386",4.0282,1.1114,0.0162328945497937,"yes","decrease","8/13/19","sig_decrease"
"112","ND42_MAG_00037",3931220,564,8654,73.1044028249305,92.9577464788732,1.40845070422535,"Bacteria","Planctomycetota","UBA1135","UBA2386","UBA2386","UBA2386","UBA2386",3.4899,1.1024,0.0423640717734112,"yes","decrease","9/18/19","sig_decrease"
"113","ND42_MAG_00038",2592767,341,10081,63.7044929459061,92.9577464788732,2.8169014084507,"Bacteria","Proteobacteria","Gammaproteobacteria","Steroidobacterales","Steroidobacteraceae","UBA964","UBA964",6.3267,1.0851,0.000920511017629518,"yes","decrease","7/19/19","sig_decrease"
"114","ND42_MAG_00038",2592767,341,10081,63.7044929459061,92.9577464788732,2.8169014084507,"Bacteria","Proteobacteria","Gammaproteobacteria","Steroidobacterales","Steroidobacteraceae","UBA964","UBA964",5.8887,0.6508,0.000745486924250118,"yes","decrease","8/13/19","sig_decrease"
"115","ND42_MAG_00041",3148798,75,82734,67.6102025049641,94.3661971830986,4.22535211267606,"Bacteria","Proteobacteria","Gammaproteobacteria","Burkholderiales","Burkholderiaceae","Ramlibacter","Ramlibacter",9.6595,6.3953,0.128500498745219,"no","decrease","7/19/19","other"
"116","ND42_MAG_00042",2484531,133,30680,60.7767356267804,95.7746478873239,5.63380281690141,"Bacteria","Proteobacteria","Gammaproteobacteria","Burkholderiales","Burkholderiaceae","Limnohabitans",NA,10.1915,5.3135,0.0211010416232239,"yes","decrease","7/19/19","sig_decrease"
"117","ND42_MAG_00042",2484531,133,30680,60.7767356267804,95.7746478873239,5.63380281690141,"Bacteria","Proteobacteria","Gammaproteobacteria","Burkholderiales","Burkholderiaceae","Limnohabitans",NA,7.8485,7.8189,0.988074259859548,"no","decrease","8/13/19","other"
"118","ND42_MAG_00043",1749852,151,15566,53.6487043071322,91.5492957746479,1.40845070422535,"Bacteria","Proteobacteria","Gammaproteobacteria","Burkholderiales","Burkholderiaceae","UBA954","UBA954",48.0642,59.0731,0.404375105268181,"no","increase","7/19/19","other"
"119","ND42_MAG_00043",1749852,151,15566,53.6487043071322,91.5492957746479,1.40845070422535,"Bacteria","Proteobacteria","Gammaproteobacteria","Burkholderiales","Burkholderiaceae","UBA954","UBA954",134.7365,166.4286,0.173233623928385,"no","increase","8/13/19","other"
"120","ND42_MAG_00043",1749852,151,15566,53.6487043071322,91.5492957746479,1.40845070422535,"Bacteria","Proteobacteria","Gammaproteobacteria","Burkholderiales","Burkholderiaceae","UBA954","UBA954",12.5817,26.1574,0.00011590942544356,"yes","increase","9/18/19","other"
"121","ND42_MAG_00045",2319438,319,9254,38.152933204856,90.1408450704225,1.40845070422535,"Bacteria","Bacteroidota","Bacteroidia","Flavobacteriales","Crocinitomicaceae","M0103","M0103",10.6286,1.8414,1.80230306545744e-05,"yes","decrease","9/18/19","sig_decrease"
"122","ND42_MAG_00047",2512768,388,7846,64.4216062458339,88.7323943661972,1.40845070422535,"Bacteria","Proteobacteria","Alphaproteobacteria","Rhizobiales","Beijerinckiaceae","Rhabdaerophilum","Rhabdaerophilum",2.119,3.0097,0.47418936781446,"no","increase","7/19/19","other"
"123","ND42_MAG_00047",2512768,388,7846,64.4216062458339,88.7323943661972,1.40845070422535,"Bacteria","Proteobacteria","Alphaproteobacteria","Rhizobiales","Beijerinckiaceae","Rhabdaerophilum","Rhabdaerophilum",2.9781,3.1741,0.874425623207918,"no","increase","8/13/19","other"
"124","ND42_MAG_00048",4223293,215,40349,67.7212318914683,90.1408450704225,2.8169014084507,"Bacteria","Proteobacteria","Gammaproteobacteria","Burkholderiales","CAIKXV01","CAIKXV01","CAIKXV01",4.5585,3.314,0.377049721588105,"no","decrease","8/13/19","other"
"125","ND42_MAG_00052",3691340,347,14575,42.0811954422335,90.1408450704225,2.8169014084507,"Bacteria","Cyanobacteria","Cyanobacteriia","Pseudanabaenales","Pseudanabaenaceae","Pseudanabaena",NA,2.1819,2.2373,0.961125789215294,"no","increase","7/19/19","other"
"126","ND42_MAG_00052",3691340,347,14575,42.0811954422335,90.1408450704225,2.8169014084507,"Bacteria","Cyanobacteria","Cyanobacteriia","Pseudanabaenales","Pseudanabaenaceae","Pseudanabaena",NA,14.9651,10.0737,0.165018385576031,"no","decrease","8/13/19","other"
"127","ND42_MAG_00052",3691340,347,14575,42.0811954422335,90.1408450704225,2.8169014084507,"Bacteria","Cyanobacteria","Cyanobacteriia","Pseudanabaenales","Pseudanabaenaceae","Pseudanabaena",NA,5.5787,4.8223,0.662733769128221,"no","decrease","9/18/19","other"
"128","ND42_MAG_00053",2154962,88,45205,40.5666955914437,88.7323943661972,2.8169014084507,"Bacteria","Bacteroidota","Bacteroidia","Chitinophagales","Chitinophagaceae","SXYR01","SXYR01",5.5029,0.5667,0.00133078272847783,"yes","decrease","7/19/19","sig_decrease"
"129","ND42_MAG_00053",2154962,88,45205,40.5666955914437,88.7323943661972,2.8169014084507,"Bacteria","Bacteroidota","Bacteroidia","Chitinophagales","Chitinophagaceae","SXYR01","SXYR01",5.0964,0.5556,0.00170502383931843,"yes","decrease","8/13/19","sig_decrease"
"130","ND42_MAG_00054",4736675,531,15746,54.7890551641761,91.5492957746479,5.63380281690141,"Bacteria","Proteobacteria","Alphaproteobacteria","Caulobacterales","Hyphomonadaceae","Aquidulcibacter","Aquidulcibacter",5.5362,4.7268,0.638326561446042,"no","decrease","7/19/19","other"
"131","ND42_MAG_00060",3220142,194,24324,66.9525808760289,94.3661971830986,9.85915492957746,"Bacteria","Verrucomicrobiota","Verrucomicrobiae","Pedosphaerales","UBA9464","SXXZ01","SXXZ01",5.4118,0.1457,0.00646602244452194,"yes","decrease","8/13/19","sig_decrease"
"132","ND42_MAG_00060",3220142,194,24324,66.9525808760289,94.3661971830986,9.85915492957746,"Bacteria","Verrucomicrobiota","Verrucomicrobiae","Pedosphaerales","UBA9464","SXXZ01","SXXZ01",5.2406,0.351,0.00214649791728515,"yes","decrease","9/18/19","sig_decrease"
"133","ND42_MAG_00062",1951014,124,28190,40.8999987875371,87.3239436619718,4.22535211267606,"Bacteria","Bacteroidota","Bacteroidia","Chitinophagales","Chitinophagaceae","SXYR01","SXYR01",6.491,0.6148,0.000496511417892687,"yes","decrease","7/19/19","sig_decrease"
"134","ND42_MAG_00062",1951014,124,28190,40.8999987875371,87.3239436619718,4.22535211267606,"Bacteria","Bacteroidota","Bacteroidia","Chitinophagales","Chitinophagaceae","SXYR01","SXYR01",10.3685,1.348,8.33131107911147e-06,"yes","decrease","8/13/19","sig_decrease"
"135","ND42_MAG_00062",1951014,124,28190,40.8999987875371,87.3239436619718,4.22535211267606,"Bacteria","Bacteroidota","Bacteroidia","Chitinophagales","Chitinophagaceae","SXYR01","SXYR01",2.5663,1.1011,0.156688337720727,"no","decrease","9/18/19","other"
"136","ND42_MAG_00063",3209370,106,57099,72.2280732770886,92.9577464788732,9.85915492957746,"Bacteria","Proteobacteria","Gammaproteobacteria",NA,NA,NA,NA,3.5908,3.8993,0.835176224938153,"no","increase","7/19/19","other"
"137","ND42_MAG_00064",2307926,133,26557,68.2474951681564,87.3239436619718,4.22535211267606,"Bacteria","Planctomycetota","Phycisphaerae","Phycisphaerales","SM1A02","SYAC01",NA,5.1231,0.7583,0.00190095707584279,"yes","decrease","8/13/19","sig_decrease"
"138","ND42_MAG_00065",2723585,272,13229,72.557723966182,87.3239436619718,4.22535211267606,"Bacteria","Proteobacteria","Alphaproteobacteria","CACIAM-22H2","CACIAM-22H2","CAIOSQ01","CAIOSQ01",11.7118,2.8114,3.11773462840162e-05,"yes","decrease","7/19/19","sig_decrease"
"139","ND42_MAG_00065",2723585,272,13229,72.557723966182,87.3239436619718,4.22535211267606,"Bacteria","Proteobacteria","Alphaproteobacteria","CACIAM-22H2","CACIAM-22H2","CAIOSQ01","CAIOSQ01",8.871,1.0664,3.56586114516846e-05,"yes","decrease","8/13/19","sig_decrease"
"140","ND42_MAG_00066",1998931,142,22211,56.4376197296557,88.7323943661972,7.04225352112676,"Bacteria","Proteobacteria","Gammaproteobacteria","Burkholderiales","Burkholderiaceae","UBA954","UBA954",4.2667,3.9082,0.815897567699183,"no","decrease","7/19/19","other"
"141","ND42_MAG_00066",1998931,142,22211,56.4376197296557,88.7323943661972,7.04225352112676,"Bacteria","Proteobacteria","Gammaproteobacteria","Burkholderiales","Burkholderiaceae","UBA954","UBA954",2.5823,4.0128,0.313632516189761,"no","increase","9/18/19","other"
"142","ND42_MAG_00067",736617,98,10348,29.6732001630279,84.5070422535211,2.8169014084507,"Bacteria","Proteobacteria","Alphaproteobacteria","Pelagibacterales","Pelagibacteraceae","Fonsibacter","Fonsibacter",67.1554,130.8865,0.000651298904878128,"yes","increase","7/19/19","other"
"143","ND42_MAG_00067",736617,98,10348,29.6732001630279,84.5070422535211,2.8169014084507,"Bacteria","Proteobacteria","Alphaproteobacteria","Pelagibacterales","Pelagibacteraceae","Fonsibacter","Fonsibacter",16.2389,17.7157,0.612363601921982,"no","increase","8/13/19","other"
"144","ND42_MAG_00067",736617,98,10348,29.6732001630279,84.5070422535211,2.8169014084507,"Bacteria","Proteobacteria","Alphaproteobacteria","Pelagibacterales","Pelagibacteraceae","Fonsibacter","Fonsibacter",4.1186,4.7416,0.700016021946732,"no","increase","9/18/19","other"
"145","ND42_MAG_00071",1581181,174,12832,59.9596182958774,85.9154929577465,5.63380281690141,"Bacteria","Verrucomicrobiota","Verrucomicrobiae","Methylacidiphilales","UBA3015","UBA3015","UBA3015",4.7159,5.916,0.555253100662154,"no","increase","7/19/19","other"
"146","ND42_MAG_00073",1152783,163,10059,50.8056854424595,83.0985915492958,5.63380281690141,"Bacteria","Actinobacteriota","Actinomycetia","Actinomycetales","Microbacteriaceae","Aquiluna","Aquiluna",5.8508,5.2793,0.750327944740541,"no","decrease","7/19/19","other"
"147","ND42_MAG_00074",1738987,254,9024,46.1405666280583,83.0985915492958,5.63380281690141,"Bacteria","Proteobacteria","Gammaproteobacteria","Burkholderiales","Burkholderiaceae","Polynucleobacter","Polynucleobacter",41.1136,27.1783,0.0766063934702533,"no","decrease","7/19/19","other"
"148","ND42_MAG_00074",1738987,254,9024,46.1405666280583,83.0985915492958,5.63380281690141,"Bacteria","Proteobacteria","Gammaproteobacteria","Burkholderiales","Burkholderiaceae","Polynucleobacter","Polynucleobacter",15.4229,23.8594,0.0571719752527537,"no","increase","8/13/19","other"
"149","ND42_MAG_00074",1738987,254,9024,46.1405666280583,83.0985915492958,5.63380281690141,"Bacteria","Proteobacteria","Gammaproteobacteria","Burkholderiales","Burkholderiaceae","Polynucleobacter","Polynucleobacter",5.2023,10.8274,0.0130390918557417,"yes","increase","9/18/19","other"
"150","ND42_MAG_00076",2887080,523,6298,68.6859427794991,81.6901408450704,5.63380281690141,"Bacteria","Proteobacteria","Gammaproteobacteria","Burkholderiales","Burkholderiaceae","DSNY01","DSNY01",1.8608,2.8748,0.399103550092586,"no","increase","7/19/19","other"
"151","ND42_MAG_00076",2887080,523,6298,68.6859427794991,81.6901408450704,5.63380281690141,"Bacteria","Proteobacteria","Gammaproteobacteria","Burkholderiales","Burkholderiaceae","DSNY01","DSNY01",4.2087,4.844,0.673037924818763,"no","increase","8/13/19","other"
"152","ND42_MAG_00077",1665320,386,4365,43.7078731801249,80.2816901408451,5.63380281690141,"Bacteria","Actinobacteriota","Actinomycetia","Nanopelagicales","Nanopelagicaceae",NA,NA,23.9636,14.2911,0.0810184857025819,"no","decrease","7/19/19","other"
"153","ND42_MAG_00077",1665320,386,4365,43.7078731801249,80.2816901408451,5.63380281690141,"Bacteria","Actinobacteriota","Actinomycetia","Nanopelagicales","Nanopelagicaceae",NA,NA,15.6383,10.3924,0.0411363623587787,"yes","decrease","8/13/19","sig_decrease"
"154","ND50_MAG_00001",3572553,85,77584,63.4823097622231,100,0,"Bacteria","Planctomycetota","UBA1135","UBA1135","GCA-002686595","SXXH01","SXXH01",37.4114,5.0804,4.56327264444194e-08,"yes","decrease","8/13/19","sig_decrease"
"155","ND50_MAG_00001",3572553,85,77584,63.4823097622231,100,0,"Bacteria","Planctomycetota","UBA1135","UBA1135","GCA-002686595","SXXH01","SXXH01",3.4933,0.4565,0.0111582703177739,"yes","decrease","9/18/19","sig_decrease"
"156","ND50_MAG_00002",5286143,70,158424,60.7911690960522,98.5915492957746,0,"Bacteria","Planctomycetota","Planctomycetes","Gemmatales","Gemmataceae","UBA6894","UBA6894",3.7189,3.0025,0.606817768675851,"no","decrease","7/19/19","other"
"157","ND50_MAG_00002",5286143,70,158424,60.7911690960522,98.5915492957746,0,"Bacteria","Planctomycetota","Planctomycetes","Gemmatales","Gemmataceae","UBA6894","UBA6894",30.398,34.4532,0.628990077739956,"no","increase","8/13/19","other"
"158","ND50_MAG_00002",5286143,70,158424,60.7911690960522,98.5915492957746,0,"Bacteria","Planctomycetota","Planctomycetes","Gemmatales","Gemmataceae","UBA6894","UBA6894",2.6775,6.1595,0.0403170842532627,"yes","increase","9/18/19","other"
"159","ND50_MAG_00003",2403824,81,50223,68.0315908460706,97.1830985915493,0,"Bacteria","Planctomycetota","Phycisphaerae","Phycisphaerales","SM1A02","SYAC01",NA,12.2805,2.8116,0.000562930287723137,"yes","decrease","8/13/19","sig_decrease"
"160","ND50_MAG_00006",2801637,164,27375,48.0302815559052,98.5915492957746,1.40845070422535,"Bacteria","Proteobacteria","Gammaproteobacteria","Burkholderiales","Burkholderiaceae","SYFN01","SYFN01",7.1724,9.1047,0.420588374106388,"no","increase","7/19/19","other"
"161","ND50_MAG_00006",2801637,164,27375,48.0302815559052,98.5915492957746,1.40845070422535,"Bacteria","Proteobacteria","Gammaproteobacteria","Burkholderiales","Burkholderiaceae","SYFN01","SYFN01",11.2177,14.5957,0.184893092121083,"no","increase","8/13/19","other"
"162","ND50_MAG_00006",2801637,164,27375,48.0302815559052,98.5915492957746,1.40845070422535,"Bacteria","Proteobacteria","Gammaproteobacteria","Burkholderiales","Burkholderiaceae","SYFN01","SYFN01",9.2446,12.4113,0.21403610911447,"no","increase","9/18/19","other"
"163","ND50_MAG_00007",2168540,123,30342,44.9413125041006,98.5915492957746,1.40845070422535,"Bacteria","Bacteroidota","Bacteroidia","Flavobacteriales","Crocinitomicaceae","UBA952","UBA952",12.1507,0.7976,3.0889200290826e-06,"yes","decrease","7/19/19","sig_decrease"
"164","ND50_MAG_00007",2168540,123,30342,44.9413125041006,98.5915492957746,1.40845070422535,"Bacteria","Bacteroidota","Bacteroidia","Flavobacteriales","Crocinitomicaceae","UBA952","UBA952",67.954,6.3576,3.14565092488144e-30,"yes","decrease","8/13/19","sig_decrease"
"165","ND50_MAG_00007",2168540,123,30342,44.9413125041006,98.5915492957746,1.40845070422535,"Bacteria","Bacteroidota","Bacteroidia","Flavobacteriales","Crocinitomicaceae","UBA952","UBA952",66.102,9.8029,7.33209742561291e-13,"yes","decrease","9/18/19","sig_decrease"
"166","ND50_MAG_00009",3161046,209,25075,68.0296966726437,97.1830985915493,1.40845070422535,"Bacteria","Planctomycetota","Planctomycetes","Pirellulales","UBA1268","RGVT01",NA,21.3526,22.6128,0.801679919612399,"no","increase","8/13/19","other"
"167","ND50_MAG_00010",2453470,62,78246,42.0017696396809,95.7746478873239,0,"Bacteria","Bacteroidota","Bacteroidia","Flavobacteriales","Crocinitomicaceae","UBA952","UBA952",84.8413,17.3836,6.09694297878418e-07,"yes","decrease","7/19/19","sig_decrease"
"168","ND50_MAG_00010",2453470,62,78246,42.0017696396809,95.7746478873239,0,"Bacteria","Bacteroidota","Bacteroidia","Flavobacteriales","Crocinitomicaceae","UBA952","UBA952",97.7077,10.5122,6.13693121978101e-43,"yes","decrease","8/13/19","sig_decrease"
"169","ND50_MAG_00010",2453470,62,78246,42.0017696396809,95.7746478873239,0,"Bacteria","Bacteroidota","Bacteroidia","Flavobacteriales","Crocinitomicaceae","UBA952","UBA952",14.8519,2.6988,1.15401169339576e-06,"yes","decrease","9/18/19","sig_decrease"
"170","ND50_MAG_00012",2696246,86,50496,43.8654256188826,95.7746478873239,1.40845070422535,"Bacteria","Bacteroidota","Bacteroidia","Flavobacteriales","Crocinitomicaceae","UBA952","UBA952",73.021,5.6231,3.34371745741764e-29,"yes","decrease","8/13/19","sig_decrease"
"171","ND50_MAG_00012",2696246,86,50496,43.8654256188826,95.7746478873239,1.40845070422535,"Bacteria","Bacteroidota","Bacteroidia","Flavobacteriales","Crocinitomicaceae","UBA952","UBA952",16.8849,2.3713,6.26601646629245e-08,"yes","decrease","9/18/19","sig_decrease"
"172","ND50_MAG_00014",3913128,292,17847,45.6598638573052,95.7746478873239,1.40845070422535,"Bacteria","Cyanobacteria","Cyanobacteriia","Cyanobacteriales","Microcystaceae","Synechocystis","Synechocystis",26.3068,24.5878,0.793892704718423,"no","decrease","8/13/19","other"
"173","ND50_MAG_00014",3913128,292,17847,45.6598638573052,95.7746478873239,1.40845070422535,"Bacteria","Cyanobacteria","Cyanobacteriia","Cyanobacteriales","Microcystaceae","Synechocystis","Synechocystis",3.594,3.5548,0.97831996121151,"no","decrease","9/18/19","other"
"174","ND50_MAG_00015",2021171,62,56184,42.7620019722947,95.7746478873239,1.40845070422535,"Bacteria","Bacteroidota","Bacteroidia","Flavobacteriales","Crocinitomicaceae","UBA952","UBA952",2.6047,0.1183,0.0389043769870211,"yes","decrease","7/19/19","sig_decrease"
"175","ND50_MAG_00015",2021171,62,56184,42.7620019722947,95.7746478873239,1.40845070422535,"Bacteria","Bacteroidota","Bacteroidia","Flavobacteriales","Crocinitomicaceae","UBA952","UBA952",37.3823,7.2525,6.3231504425807e-16,"yes","decrease","8/13/19","sig_decrease"
"176","ND50_MAG_00015",2021171,62,56184,42.7620019722947,95.7746478873239,1.40845070422535,"Bacteria","Bacteroidota","Bacteroidia","Flavobacteriales","Crocinitomicaceae","UBA952","UBA952",114.3272,53.3048,1.46096798799667e-05,"yes","decrease","9/18/19","sig_decrease"
"177","ND50_MAG_00016",4865906,86,93529,72.809379031369,98.5915492957746,4.22535211267606,"Bacteria","Myxococcota","UBA796","UBA796","SXON01","CAIUMM01",NA,27.1374,1.585,1.22951525822707e-11,"yes","decrease","8/13/19","sig_decrease"
"178","ND50_MAG_00017",4518555,581,9748,67.9824790885184,94.3661971830986,1.40845070422535,"Bacteria","Planctomycetota","Planctomycetes","Pirellulales","UBA1268","F1-20-MAGs016","F1-20-MAGs016",1.7769,2.2962,0.637760703698284,"no","increase","7/19/19","other"
"179","ND50_MAG_00017",4518555,581,9748,67.9824790885184,94.3661971830986,1.40845070422535,"Bacteria","Planctomycetota","Planctomycetes","Pirellulales","UBA1268","F1-20-MAGs016","F1-20-MAGs016",11.5952,13.7051,0.548618347937384,"no","increase","8/13/19","other"
"180","ND50_MAG_00018",4510681,194,45730,67.1653501492591,97.1830985915493,4.22535211267606,"Bacteria","Verrucomicrobiota","Verrucomicrobiae","Opitutales","Opitutaceae","ER46","ER46",5.0433,1.8519,0.0254809617457382,"yes","decrease","7/19/19","sig_decrease"
"181","ND50_MAG_00018",4510681,194,45730,67.1653501492591,97.1830985915493,4.22535211267606,"Bacteria","Verrucomicrobiota","Verrucomicrobiae","Opitutales","Opitutaceae","ER46","ER46",22.2258,2.1297,4.19923975313897e-09,"yes","decrease","8/13/19","sig_decrease"
"182","ND50_MAG_00018",4510681,194,45730,67.1653501492591,97.1830985915493,4.22535211267606,"Bacteria","Verrucomicrobiota","Verrucomicrobiae","Opitutales","Opitutaceae","ER46","ER46",24.3105,3.2517,1.14393239227972e-09,"yes","decrease","9/18/19","sig_decrease"
"183","ND50_MAG_00020",1587010,142,17566,52.617099793166,92.9577464788732,0,NA,NA,NA,NA,NA,NA,NA,16.2031,8.7115,0.00732902351045493,"yes","decrease","8/13/19","sig_decrease"
"184","ND50_MAG_00020",1587010,142,17566,52.617099793166,92.9577464788732,0,NA,NA,NA,NA,NA,NA,NA,2.2402,1.4517,0.443866081491882,"no","decrease","9/18/19","other"
"185","ND50_MAG_00021",2673359,278,13851,55.1811183432051,92.9577464788732,0,"Bacteria","Proteobacteria","Alphaproteobacteria","Rhizobiales","Beijerinckiaceae","CAIUPE01","CAIUPE01",7.6975,5.5627,0.27421418136738,"no","decrease","7/19/19","other"
"186","ND50_MAG_00021",2673359,278,13851,55.1811183432051,92.9577464788732,0,"Bacteria","Proteobacteria","Alphaproteobacteria","Rhizobiales","Beijerinckiaceae","CAIUPE01","CAIUPE01",21.9842,22.6789,0.884682691229485,"no","increase","8/13/19","other"
"187","ND50_MAG_00021",2673359,278,13851,55.1811183432051,92.9577464788732,0,"Bacteria","Proteobacteria","Alphaproteobacteria","Rhizobiales","Beijerinckiaceae","CAIUPE01","CAIUPE01",14.999,22.706,0.0229371106759416,"yes","increase","9/18/19","other"
"188","ND50_MAG_00022",1460801,102,21459,59.7383330024704,92.9577464788732,0,"Bacteria","Actinobacteriota","Acidimicrobiia","Acidimicrobiales","Ilumatobacteraceae","F1-60-MAGs027","F1-60-MAGs027",8.1453,3.0773,0.00535432317483702,"yes","decrease","7/19/19","sig_decrease"
"189","ND50_MAG_00022",1460801,102,21459,59.7383330024704,92.9577464788732,0,"Bacteria","Actinobacteriota","Acidimicrobiia","Acidimicrobiales","Ilumatobacteraceae","F1-60-MAGs027","F1-60-MAGs027",16.3947,6.4992,6.54385890079788e-05,"yes","decrease","8/13/19","sig_decrease"
"190","ND50_MAG_00022",1460801,102,21459,59.7383330024704,92.9577464788732,0,"Bacteria","Actinobacteriota","Acidimicrobiia","Acidimicrobiales","Ilumatobacteraceae","F1-60-MAGs027","F1-60-MAGs027",6.4404,7.6172,0.563916894410093,"no","increase","9/18/19","other"
"191","ND50_MAG_00023",3283298,211,25803,66.7984161141546,98.5915492957746,5.63380281690141,"Bacteria","Cyanobacteria","Cyanobacteriia","PCC-6307","Cyanobiaceae","Cyanobium",NA,25.5952,13.2913,0.00242536069869862,"yes","decrease","8/13/19","sig_decrease"
"192","ND50_MAG_00023",3283298,211,25803,66.7984161141546,98.5915492957746,5.63380281690141,"Bacteria","Cyanobacteria","Cyanobacteriia","PCC-6307","Cyanobiaceae","Cyanobium",NA,6.3547,8.1379,0.391101994860078,"no","increase","9/18/19","other"
"193","ND50_MAG_00024",2139688,172,22703,45.882032688923,92.9577464788732,0,"Bacteria","Bacteroidota","Bacteroidia","NS11-12g","UBA955","UBA955","UBA955",76.568,4.7227,2.61836810314445e-31,"yes","decrease","7/19/19","sig_decrease"
"194","ND50_MAG_00024",2139688,172,22703,45.882032688923,92.9577464788732,0,"Bacteria","Bacteroidota","Bacteroidia","NS11-12g","UBA955","UBA955","UBA955",67.1627,5.7591,1.11583996158856e-29,"yes","decrease","8/13/19","sig_decrease"
"195","ND50_MAG_00024",2139688,172,22703,45.882032688923,92.9577464788732,0,"Bacteria","Bacteroidota","Bacteroidia","NS11-12g","UBA955","UBA955","UBA955",100.94,15.9488,3.01496316902418e-23,"yes","decrease","9/18/19","sig_decrease"
"196","ND50_MAG_00025",1168189,140,10447,33.0389748860285,92.9577464788732,0,NA,NA,NA,NA,NA,NA,NA,12.2318,4.9559,0.000690451051001645,"yes","decrease","8/13/19","sig_decrease"
"197","ND50_MAG_00027",2290442,156,21688,64.2267621489533,95.7746478873239,5.63380281690141,"Bacteria","Verrucomicrobiota","Verrucomicrobiae","Opitutales","UBA953","UBA953","UBA953",10.2373,6.6986,0.325404990409769,"no","decrease","7/19/19","other"
"198","ND50_MAG_00027",2290442,156,21688,64.2267621489533,95.7746478873239,5.63380281690141,"Bacteria","Verrucomicrobiota","Verrucomicrobiae","Opitutales","UBA953","UBA953","UBA953",58.9548,6.6259,8.47414355431063e-10,"yes","decrease","8/13/19","sig_decrease"
"199","ND50_MAG_00027",2290442,156,21688,64.2267621489533,95.7746478873239,5.63380281690141,"Bacteria","Verrucomicrobiota","Verrucomicrobiae","Opitutales","UBA953","UBA953","UBA953",118.6001,27.9417,8.53450071711024e-12,"yes","decrease","9/18/19","sig_decrease"
"200","ND50_MAG_00029",2187090,339,6996,71.1186278741977,91.5492957746479,1.40845070422535,"Bacteria","Planctomycetota","Phycisphaerae","Phycisphaerales","SM1A02","UBA966",NA,10.2136,0.4878,5.58997725079264e-05,"yes","decrease","8/13/19","sig_decrease"
"201","ND50_MAG_00030",2729176,209,19867,67.1794720827971,92.9577464788732,2.8169014084507,"Bacteria","Planctomycetota","UBA11346","UBA11346","UBA11346","CAIUVD01","CAIUVD01",16.135,1.9702,2.9618169898042e-07,"yes","decrease","8/13/19","sig_decrease"
"202","ND50_MAG_00030",2729176,209,19867,67.1794720827971,92.9577464788732,2.8169014084507,"Bacteria","Planctomycetota","UBA11346","UBA11346","UBA11346","CAIUVD01","CAIUVD01",7.8969,0.7346,0.000123128078160912,"yes","decrease","9/18/19","sig_decrease"
"203","ND50_MAG_00031",2050833,185,16283,62.9077091144277,92.9577464788732,4.22535211267606,"Bacteria","Actinobacteriota","Acidimicrobiia","Acidimicrobiales","Ilumatobacteraceae","F1-20-MAGs119","F1-20-MAGs119",7.995,1.505,0.000248851417011791,"yes","decrease","7/19/19","sig_decrease"
"204","ND50_MAG_00031",2050833,185,16283,62.9077091144277,92.9577464788732,4.22535211267606,"Bacteria","Actinobacteriota","Acidimicrobiia","Acidimicrobiales","Ilumatobacteraceae","F1-20-MAGs119","F1-20-MAGs119",11.6877,2.1716,5.23283336276002e-06,"yes","decrease","8/13/19","sig_decrease"
"205","ND50_MAG_00033",5364482,592,11077,69.1042687811954,97.1830985915493,9.85915492957746,NA,NA,NA,NA,NA,NA,NA,9.2893,0.6986,3.02748002111401e-05,"yes","decrease","8/13/19","sig_decrease"
"206","ND50_MAG_00035",3155250,512,7328,70.0861116275944,91.5492957746479,4.22535211267606,"Bacteria","Planctomycetota","Phycisphaerae","Phycisphaerales","SM1A02","QWPT01",NA,10.247,1.3669,9.67778688752227e-06,"yes","decrease","8/13/19","sig_decrease"
"207","ND50_MAG_00035",3155250,512,7328,70.0861116275944,91.5492957746479,4.22535211267606,"Bacteria","Planctomycetota","Phycisphaerae","Phycisphaerales","SM1A02","QWPT01",NA,7.3978,1.6475,0.000710411569473884,"yes","decrease","9/18/19","sig_decrease"
"208","ND50_MAG_00036",4046813,324,18720,67.5157878592523,90.1408450704225,2.8169014084507,"Bacteria","Proteobacteria","Gammaproteobacteria","Burkholderiales","CAIKXV01","CAIKXV01","CAIKXV01",5.4307,3.726,0.262690183643882,"no","decrease","8/13/19","other"
"209","ND50_MAG_00037",5626805,740,9211,59.3928143298956,90.1408450704225,2.8169014084507,"Bacteria","Planctomycetota","Planctomycetes","Planctomycetales","Planctomycetaceae","SXXK01","SXXK01",10.0506,0.8395,1.24024286368816e-05,"yes","decrease","8/13/19","sig_decrease"
"210","ND50_MAG_00037",5626805,740,9211,59.3928143298956,90.1408450704225,2.8169014084507,"Bacteria","Planctomycetota","Planctomycetes","Planctomycetales","Planctomycetaceae","SXXK01","SXXK01",30.3143,4.0239,2.30062398634853e-09,"yes","decrease","9/18/19","sig_decrease"
"211","ND50_MAG_00038",2562310,353,8969,63.8786978616167,90.1408450704225,2.8169014084507,"Bacteria","Proteobacteria","Gammaproteobacteria","Steroidobacterales","Steroidobacteraceae","UBA964","UBA964",6.6288,1.1369,0.000693986587399142,"yes","decrease","7/19/19","sig_decrease"
"212","ND50_MAG_00038",2562310,353,8969,63.8786978616167,90.1408450704225,2.8169014084507,"Bacteria","Proteobacteria","Gammaproteobacteria","Steroidobacterales","Steroidobacteraceae","UBA964","UBA964",6.961,0.7689,0.000245903224579133,"yes","decrease","8/13/19","sig_decrease"
"213","ND50_MAG_00039",1911236,215,12033,62.3055685225946,90.1408450704225,2.8169014084507,"Bacteria","Proteobacteria","Gammaproteobacteria","Pseudomonadales","Pseudohongiellaceae","UBA5078","UBA5078",3.1507,0.6021,0.0218621341438676,"yes","decrease","7/19/19","sig_decrease"
"214","ND50_MAG_00039",1911236,215,12033,62.3055685225946,90.1408450704225,2.8169014084507,"Bacteria","Proteobacteria","Gammaproteobacteria","Pseudomonadales","Pseudohongiellaceae","UBA5078","UBA5078",22.3814,1.4779,4.17010268971198e-10,"yes","decrease","8/13/19","sig_decrease"
"215","ND50_MAG_00039",1911236,215,12033,62.3055685225946,90.1408450704225,2.8169014084507,"Bacteria","Proteobacteria","Gammaproteobacteria","Pseudomonadales","Pseudohongiellaceae","UBA5078","UBA5078",6.106,0.5577,0.000738526924022064,"yes","decrease","9/18/19","sig_decrease"
"216","ND50_MAG_00040",2947733,463,7603,65.580056810461,91.5492957746479,5.63380281690141,"Bacteria","Cyanobacteria","Cyanobacteriia","PCC-6307","Cyanobiaceae",NA,NA,8.6926,4.2624,0.0159399431132401,"yes","decrease","8/13/19","sig_decrease"
"217","ND50_MAG_00040",2947733,463,7603,65.580056810461,91.5492957746479,5.63380281690141,"Bacteria","Cyanobacteria","Cyanobacteriia","PCC-6307","Cyanobiaceae",NA,NA,7.4706,4.632,0.127946661035449,"no","decrease","9/18/19","other"
"218","ND50_MAG_00041",2046206,204,14730,44.0903887885979,94.3661971830986,8.45070422535211,"Bacteria","Bacteroidota","Bacteroidia","NS11-12g","UBA955","UBA955","UBA955",3.046,0.0822,0.0418626069085164,"yes","decrease","7/19/19","sig_decrease"
"219","ND50_MAG_00041",2046206,204,14730,44.0903887885979,94.3661971830986,8.45070422535211,"Bacteria","Bacteroidota","Bacteroidia","NS11-12g","UBA955","UBA955","UBA955",16.6028,1.1378,3.1671265961325e-08,"yes","decrease","8/13/19","sig_decrease"
"220","ND50_MAG_00041",2046206,204,14730,44.0903887885979,94.3661971830986,8.45070422535211,"Bacteria","Bacteroidota","Bacteroidia","NS11-12g","UBA955","UBA955","UBA955",150.4673,22.1441,1.86166381936944e-28,"yes","decrease","9/18/19","sig_decrease"
"221","ND50_MAG_00042",3147072,489,7678,69.8401149744434,88.7323943661972,4.22535211267606,"Bacteria","Proteobacteria","Gammaproteobacteria",NA,NA,NA,NA,8.4547,6.5545,0.397397967259333,"no","decrease","8/13/19","other"
"222","ND50_MAG_00043",2431577,180,22207,67.2628000326534,87.3239436619718,2.8169014084507,"Bacteria","Gemmatimonadota","Gemmatimonadetes","Gemmatimonadales","Gemmatimonadaceae","Gemmatimonas","Gemmatimonas",4.918,0.4422,0.00246667311865793,"yes","decrease","7/19/19","sig_decrease"
"223","ND50_MAG_00043",2431577,180,22207,67.2628000326534,87.3239436619718,2.8169014084507,"Bacteria","Gemmatimonadota","Gemmatimonadetes","Gemmatimonadales","Gemmatimonadaceae","Gemmatimonas","Gemmatimonas",10.7188,1.181,5.37043918400636e-06,"yes","decrease","8/13/19","sig_decrease"
"224","ND50_MAG_00043",2431577,180,22207,67.2628000326534,87.3239436619718,2.8169014084507,"Bacteria","Gemmatimonadota","Gemmatimonadetes","Gemmatimonadales","Gemmatimonadaceae","Gemmatimonas","Gemmatimonas",4.556,0.6406,0.0039539378187743,"yes","decrease","9/18/19","sig_decrease"
"225","ND50_MAG_00044",2281896,138,26895,53.7710112938985,88.7323943661972,4.22535211267606,"Bacteria","Proteobacteria","Gammaproteobacteria","Burkholderiales","Burkholderiaceae","CAINMN01","CAINMN01",6.7558,10.2313,0.190721501897764,"no","increase","7/19/19","other"
"226","ND50_MAG_00044",2281896,138,26895,53.7710112938985,88.7323943661972,4.22535211267606,"Bacteria","Proteobacteria","Gammaproteobacteria","Burkholderiales","Burkholderiaceae","CAINMN01","CAINMN01",13.6734,23.2306,0.0137201488501129,"yes","increase","8/13/19","other"
"227","ND50_MAG_00044",2281896,138,26895,53.7710112938985,88.7323943661972,4.22535211267606,"Bacteria","Proteobacteria","Gammaproteobacteria","Burkholderiales","Burkholderiaceae","CAINMN01","CAINMN01",2.9922,4.4963,0.31898561228643,"no","increase","9/18/19","other"
"228","ND50_MAG_00045",2390585,246,18062,64.5747965856874,87.3239436619718,2.8169014084507,"Bacteria","Actinobacteriota","Acidimicrobiia","Acidimicrobiales","Ilumatobacteraceae","Casp-actino8","Casp-actino8",11.0385,4.6386,0.00279306603901501,"yes","decrease","7/19/19","sig_decrease"
"229","ND50_MAG_00045",2390585,246,18062,64.5747965856874,87.3239436619718,2.8169014084507,"Bacteria","Actinobacteriota","Acidimicrobiia","Acidimicrobiales","Ilumatobacteraceae","Casp-actino8","Casp-actino8",60.3259,28.9092,1.11087456771235e-07,"yes","decrease","8/13/19","sig_decrease"
"230","ND50_MAG_00045",2390585,246,18062,64.5747965856874,87.3239436619718,2.8169014084507,"Bacteria","Actinobacteriota","Acidimicrobiia","Acidimicrobiales","Ilumatobacteraceae","Casp-actino8","Casp-actino8",12.3937,11.9379,0.86397263643624,"no","decrease","9/18/19","other"
"231","ND50_MAG_00046",2256202,319,8929,40.150173686688,88.7323943661972,5.63380281690141,"Bacteria","Bacteroidota","Bacteroidia","Flavobacteriales","Crocinitomicaceae","UBA952","UBA952",5.5858,0.3481,0.00164982496110036,"yes","decrease","7/19/19","sig_decrease"
"232","ND50_MAG_00046",2256202,319,8929,40.150173686688,88.7323943661972,5.63380281690141,"Bacteria","Bacteroidota","Bacteroidia","Flavobacteriales","Crocinitomicaceae","UBA952","UBA952",53.1792,5.2901,4.31775703594604e-24,"yes","decrease","8/13/19","sig_decrease"
"233","ND50_MAG_00046",2256202,319,8929,40.150173686688,88.7323943661972,5.63380281690141,"Bacteria","Bacteroidota","Bacteroidia","Flavobacteriales","Crocinitomicaceae","UBA952","UBA952",19.0491,3.2392,1.03135344777921e-08,"yes","decrease","9/18/19","sig_decrease"
"234","ND50_MAG_00048",2520769,434,6723,60.9924443676337,84.5070422535211,2.8169014084507,"Bacteria","Proteobacteria","Gammaproteobacteria","Burkholderiales","Burkholderiaceae","CAINMN01","CAINMN01",20.0688,7.828,1.93007533020445e-05,"yes","decrease","7/19/19","sig_decrease"
"235","ND50_MAG_00048",2520769,434,6723,60.9924443676337,84.5070422535211,2.8169014084507,"Bacteria","Proteobacteria","Gammaproteobacteria","Burkholderiales","Burkholderiaceae","CAINMN01","CAINMN01",6.4266,4.7587,0.320407849299998,"no","decrease","8/13/19","other"
"236","ND50_MAG_00050",4376384,243,32367,70.7961498234646,85.9154929577465,5.63380281690141,"Bacteria","Myxococcota","Myxococcia","Myxococcales","Myxococcaceae",NA,NA,28.2083,1.2448,2.04079354382018e-10,"yes","decrease","8/13/19","sig_decrease"
"237","ND50_MAG_00050",4376384,243,32367,70.7961498234646,85.9154929577465,5.63380281690141,"Bacteria","Myxococcota","Myxococcia","Myxococcales","Myxococcaceae",NA,NA,2.0378,0.0122,0.26063528926611,"no","decrease","9/18/19","other"
"238","ND50_MAG_00051",1765374,276,7448,53.6697965918452,83.0985915492958,2.8169014084507,"Bacteria","Proteobacteria","Gammaproteobacteria","Burkholderiales","Burkholderiaceae","UBA4657","UBA4657",12.2814,10.2737,0.564010419534604,"no","decrease","8/13/19","other"
"239","ND50_MAG_00051",1765374,276,7448,53.6697965918452,83.0985915492958,2.8169014084507,"Bacteria","Proteobacteria","Gammaproteobacteria","Burkholderiales","Burkholderiaceae","UBA4657","UBA4657",2.8137,5.0087,0.159928833698746,"no","increase","9/18/19","other"
"240","ND50_MAG_00052",3068913,548,6111,64.3358395859008,84.5070422535211,4.22535211267606,"Bacteria","Proteobacteria","Gammaproteobacteria","Burkholderiales","Burkholderiaceae","Inhella","Inhella",10.1341,4.0938,0.00196392607204538,"yes","decrease","8/13/19","sig_decrease"
"241","ND50_MAG_00052",3068913,548,6111,64.3358395859008,84.5070422535211,4.22535211267606,"Bacteria","Proteobacteria","Gammaproteobacteria","Burkholderiales","Burkholderiaceae","Inhella","Inhella",3.7622,2.401,0.306295457430975,"no","decrease","9/18/19","other"
"242","ND50_MAG_00053",3766775,625,6887,64.9693699763206,84.5070422535211,5.63380281690141,"Bacteria","Verrucomicrobiota","Verrucomicrobiae","Pedosphaerales","UBA9464","SXXZ01",NA,6.1104,1.2602,0.0016950619953132,"yes","decrease","7/19/19","sig_decrease"
"243","ND50_MAG_00053",3766775,625,6887,64.9693699763206,84.5070422535211,5.63380281690141,"Bacteria","Verrucomicrobiota","Verrucomicrobiae","Pedosphaerales","UBA9464","SXXZ01",NA,54.3271,2.5881,4.43727165240267e-16,"yes","decrease","8/13/19","sig_decrease"
"244","ND50_MAG_00053",3766775,625,6887,64.9693699763206,84.5070422535211,5.63380281690141,"Bacteria","Verrucomicrobiota","Verrucomicrobiae","Pedosphaerales","UBA9464","SXXZ01",NA,17.7167,1.3165,2.28630899034005e-08,"yes","decrease","9/18/19","sig_decrease"
"245","ND50_MAG_00054",3763674,491,9846,61.5861712998344,87.3239436619718,8.45070422535211,"Bacteria","Verrucomicrobiota","Verrucomicrobiae","Pedosphaerales","UBA9464","SXXZ01",NA,3.9654,0.7432,0.00981576745969388,"yes","decrease","7/19/19","sig_decrease"
"246","ND50_MAG_00054",3763674,491,9846,61.5861712998344,87.3239436619718,8.45070422535211,"Bacteria","Verrucomicrobiota","Verrucomicrobiae","Pedosphaerales","UBA9464","SXXZ01",NA,26.5435,1.3495,1.99350248435025e-10,"yes","decrease","8/13/19","sig_decrease"
"247","ND50_MAG_00054",3763674,491,9846,61.5861712998344,87.3239436619718,8.45070422535211,"Bacteria","Verrucomicrobiota","Verrucomicrobiae","Pedosphaerales","UBA9464","SXXZ01",NA,43.3844,3.2468,3.06559682885514e-16,"yes","decrease","9/18/19","sig_decrease"
"248","ND50_MAG_00055",1178140,100,19572,45.2137399261527,83.0985915492958,4.22535211267606,"Bacteria","Actinobacteriota","Actinomycetia","Nanopelagicales","Nanopelagicaceae","Planktophila",NA,11.658,8.1207,0.137874585318005,"no","decrease","7/19/19","other"
"249","ND50_MAG_00055",1178140,100,19572,45.2137399261527,83.0985915492958,4.22535211267606,"Bacteria","Actinobacteriota","Actinomycetia","Nanopelagicales","Nanopelagicaceae","Planktophila",NA,10.3274,10.6519,0.887335388171153,"no","increase","8/13/19","other"
"250","ND50_MAG_00055",1178140,100,19572,45.2137399261527,83.0985915492958,4.22535211267606,"Bacteria","Actinobacteriota","Actinomycetia","Nanopelagicales","Nanopelagicaceae","Planktophila",NA,17.6928,32.4822,0.000191903544059905,"yes","increase","9/18/19","other"
"251","ND50_MAG_00056",1757831,145,22472,32.649984386121,84.5070422535211,7.04225352112676,"Bacteria","Bacteroidota","Bacteroidia","Flavobacteriales","Crocinitomicaceae",NA,NA,29.5987,2.8278,4.51211746536217e-14,"yes","decrease","8/13/19","sig_decrease"
"252","ND50_MAG_00056",1757831,145,22472,32.649984386121,84.5070422535211,7.04225352112676,"Bacteria","Bacteroidota","Bacteroidia","Flavobacteriales","Crocinitomicaceae",NA,NA,40.832,5.8845,5.43157302962181e-17,"yes","decrease","9/18/19","sig_decrease"
"253","ND50_MAG_00057",1807031,300,7425,53.2798862782744,83.0985915492958,7.04225352112676,"Bacteria","Proteobacteria","Gammaproteobacteria","Burkholderiales","Burkholderiaceae","CAINMN01",NA,5.9523,8.0126,0.314149038373698,"no","increase","7/19/19","other"
"254","ND50_MAG_00057",1807031,300,7425,53.2798862782744,83.0985915492958,7.04225352112676,"Bacteria","Proteobacteria","Gammaproteobacteria","Burkholderiales","Burkholderiaceae","CAINMN01",NA,9.1685,11.5708,0.292518724378664,"no","increase","8/13/19","other"
"255","ND50_MAG_00057",1807031,300,7425,53.2798862782744,83.0985915492958,7.04225352112676,"Bacteria","Proteobacteria","Gammaproteobacteria","Burkholderiales","Burkholderiaceae","CAINMN01",NA,8.1637,12.8258,0.0658614509402572,"no","increase","9/18/19","other"
"256","ND50_MAG_00058",1419867,267,5778,34.6765270219644,83.0985915492958,7.04225352112676,"Bacteria","Bacteroidota","Bacteroidia","Chitinophagales","Chitinophagaceae","Sediminibacterium",NA,41.9507,7.6067,2.86790379935122e-17,"yes","decrease","7/19/19","sig_decrease"
"257","ND50_MAG_00058",1419867,267,5778,34.6765270219644,83.0985915492958,7.04225352112676,"Bacteria","Bacteroidota","Bacteroidia","Chitinophagales","Chitinophagaceae","Sediminibacterium",NA,7.2285,1.1878,0.000264218416977996,"yes","decrease","8/13/19","sig_decrease"
"258","ND50_MAG_00059",2179861,367,6213,67.0963623919712,83.0985915492958,8.45070422535211,"Bacteria","Proteobacteria","Gammaproteobacteria","Steroidobacterales","Steroidobacteraceae","UBA964","UBA964",4.823,0.64,0.00289473741051533,"yes","decrease","7/19/19","sig_decrease"
"259","ND50_MAG_00059",2179861,367,6213,67.0963623919712,83.0985915492958,8.45070422535211,"Bacteria","Proteobacteria","Gammaproteobacteria","Steroidobacterales","Steroidobacteraceae","UBA964","UBA964",9.779,1.5362,1.99574159326709e-05,"yes","decrease","8/13/19","sig_decrease"
"260","ND50_MAG_00059",2179861,367,6213,67.0963623919712,83.0985915492958,8.45070422535211,"Bacteria","Proteobacteria","Gammaproteobacteria","Steroidobacterales","Steroidobacteraceae","UBA964","UBA964",3.3436,1.207,0.0658440499581968,"no","decrease","9/18/19","other"
"261","ND50_MAG_00060",2345352,441,5764,53.0868729468628,80.2816901408451,8.45070422535211,"Bacteria","Proteobacteria","Gammaproteobacteria","Burkholderiales","Burkholderiaceae","UBA954","UBA954",23.7384,28.2923,0.472008830040939,"no","increase","7/19/19","other"
"262","ND50_MAG_00060",2345352,441,5764,53.0868729468628,80.2816901408451,8.45070422535211,"Bacteria","Proteobacteria","Gammaproteobacteria","Burkholderiales","Burkholderiaceae","UBA954","UBA954",74.4168,91.9027,0.186756815167457,"no","increase","8/13/19","other"
"263","ND50_MAG_00060",2345352,441,5764,53.0868729468628,80.2816901408451,8.45070422535211,"Bacteria","Proteobacteria","Gammaproteobacteria","Burkholderiales","Burkholderiaceae","UBA954","UBA954",10.936,23.228,0.000207871075845341,"yes","increase","9/18/19","other"
"264","ND57_MAG_00001",2827309,176,24601,31.8212952686127,100,0,NA,NA,NA,NA,NA,NA,NA,14.5719,1.8044,2.0034273337401e-07,"yes","decrease","9/18/19","sig_decrease"
"265","ND57_MAG_00002",2745985,94,53676,42.1719860993328,100,0,"Bacteria","Bacteroidota","Bacteroidia","Flavobacteriales","UA16","CAIZGX01","CAIZGX01",2.7257,0.1028,0.039086604589448,"yes","decrease","8/13/19","sig_decrease"
"266","ND57_MAG_00002",2745985,94,53676,42.1719860993328,100,0,"Bacteria","Bacteroidota","Bacteroidia","Flavobacteriales","UA16","CAIZGX01","CAIZGX01",61.3996,8.3413,5.80365124369013e-13,"yes","decrease","9/18/19","sig_decrease"
"267","ND57_MAG_00003",2597341,139,28683,62.5093722617528,100,0,"Bacteria","Proteobacteria","Gammaproteobacteria","Pseudomonadales","Pseudohongiellaceae","UBA5078","UBA5078",2.9786,0.5611,0.0253676108316425,"yes","decrease","7/19/19","sig_decrease"
"268","ND57_MAG_00003",2597341,139,28683,62.5093722617528,100,0,"Bacteria","Proteobacteria","Gammaproteobacteria","Pseudomonadales","Pseudohongiellaceae","UBA5078","UBA5078",29.1642,1.9457,1.4920478773867e-10,"yes","decrease","8/13/19","sig_decrease"
"269","ND57_MAG_00003",2597341,139,28683,62.5093722617528,100,0,"Bacteria","Proteobacteria","Gammaproteobacteria","Pseudomonadales","Pseudohongiellaceae","UBA5078","UBA5078",37.5777,3.6486,1.44661159807657e-12,"yes","decrease","9/18/19","sig_decrease"
"270","ND57_MAG_00004",3518161,164,36585,63.8328711154745,98.5915492957746,0,"Bacteria","Proteobacteria","Gammaproteobacteria","Burkholderiales","Burkholderiaceae","UBA4615",NA,3.3507,1.0479,0.0455919612543677,"yes","decrease","7/19/19","sig_decrease"
"271","ND57_MAG_00004",3518161,164,36585,63.8328711154745,98.5915492957746,0,"Bacteria","Proteobacteria","Gammaproteobacteria","Burkholderiales","Burkholderiaceae","UBA4615",NA,8.8272,3.0883,0.00148818643442045,"yes","decrease","8/13/19","sig_decrease"
"272","ND57_MAG_00004",3518161,164,36585,63.8328711154745,98.5915492957746,0,"Bacteria","Proteobacteria","Gammaproteobacteria","Burkholderiales","Burkholderiaceae","UBA4615",NA,49.6845,36.5475,0.120601036604855,"no","decrease","9/18/19","other"
"273","ND57_MAG_00005",1980893,155,21536,41.0235641021214,97.1830985915493,0,"Bacteria","Bacteroidota","Bacteroidia","Chitinophagales","Chitinophagaceae","JJ008","JJ008",97.682,9.4193,1.26248258755155e-26,"yes","decrease","7/19/19","sig_decrease"
"274","ND57_MAG_00005",1980893,155,21536,41.0235641021214,97.1830985915493,0,"Bacteria","Bacteroidota","Bacteroidia","Chitinophagales","Chitinophagaceae","JJ008","JJ008",53.3823,6.2287,3.40662627632043e-24,"yes","decrease","8/13/19","sig_decrease"
"275","ND57_MAG_00005",1980893,155,21536,41.0235641021214,97.1830985915493,0,"Bacteria","Bacteroidota","Bacteroidia","Chitinophagales","Chitinophagaceae","JJ008","JJ008",26.8752,7.8004,9.60820326965715e-06,"yes","decrease","9/18/19","sig_decrease"
"276","ND57_MAG_00006",2535578,137,33558,42.267942638675,97.1830985915493,0,"Bacteria","Bacteroidota","Bacteroidia","Flavobacteriales","UA16","CAIZGX01","CAIZGX01",73.4728,7.3818,6.30088830008492e-17,"yes","decrease","9/18/19","sig_decrease"
"277","ND57_MAG_00007",5198989,127,73486,69.5916016946505,98.5915492957746,1.40845070422535,"Bacteria","Myxococcota","Bradymonadia","UBA7976","UBA1532","CAINDO01","CAINDO01",3.6018,0.124,0.0196617793676302,"yes","decrease","8/13/19","sig_decrease"
"278","ND57_MAG_00007",5198989,127,73486,69.5916016946505,98.5915492957746,1.40845070422535,"Bacteria","Myxococcota","Bradymonadia","UBA7976","UBA1532","CAINDO01","CAINDO01",19.5949,2.1024,2.27070252512421e-09,"yes","decrease","9/18/19","sig_decrease"
"279","ND57_MAG_00009",4020824,248,25285,65.9197637314319,97.1830985915493,1.40845070422535,"Bacteria","Gemmatimonadota","Gemmatimonadetes","Gemmatimonadales","Gemmatimonadaceae","Gemmatimonas",NA,12.8464,1.8188,1.32449688821529e-06,"yes","decrease","9/18/19","sig_decrease"
"280","ND57_MAG_00010",4456074,595,9280,74.3587599388118,98.5915492957746,2.8169014084507,"Bacteria","Myxococcota","UBA796","UBA796","UBA796","UBA2385","UBA2385",1.6406,0.0716,0.103231242206856,"no","decrease","7/19/19","other"
"281","ND57_MAG_00010",4456074,595,9280,74.3587599388118,98.5915492957746,2.8169014084507,"Bacteria","Myxococcota","UBA796","UBA796","UBA796","UBA2385","UBA2385",22.138,1.4075,1.84644924869692e-09,"yes","decrease","8/13/19","sig_decrease"
"282","ND57_MAG_00010",4456074,595,9280,74.3587599388118,98.5915492957746,2.8169014084507,"Bacteria","Myxococcota","UBA796","UBA796","UBA796","UBA2385","UBA2385",12.0157,0.8111,3.31085297035559e-06,"yes","decrease","9/18/19","sig_decrease"
"283","ND57_MAG_00011",3873652,291,24208,66.0085688116848,98.5915492957746,2.8169014084507,"Bacteria","Proteobacteria","Gammaproteobacteria","Pseudomonadales","UBA5518","UBA5518","UBA5518",2.9396,1.4028,0.170701127624962,"no","decrease","7/19/19","other"
"284","ND57_MAG_00011",3873652,291,24208,66.0085688116848,98.5915492957746,2.8169014084507,"Bacteria","Proteobacteria","Gammaproteobacteria","Pseudomonadales","UBA5518","UBA5518","UBA5518",3.6352,0.5723,0.00932274634984296,"yes","decrease","8/13/19","sig_decrease"
"285","ND57_MAG_00011",3873652,291,24208,66.0085688116848,98.5915492957746,2.8169014084507,"Bacteria","Proteobacteria","Gammaproteobacteria","Pseudomonadales","UBA5518","UBA5518","UBA5518",22.194,6.5993,9.97217968904217e-05,"yes","decrease","9/18/19","sig_decrease"
"286","ND57_MAG_00012",3650442,316,15553,56.9240447413944,95.7746478873239,1.40845070422535,"Bacteria","Verrucomicrobiota","Verrucomicrobiae","Verrucomicrobiales","Akkermansiaceae","UBA956","UBA956",11.306,4.068,0.00106099775245955,"yes","decrease","9/18/19","sig_decrease"
"287","ND57_MAG_00014",3586694,295,18690,61.9928646245391,95.7746478873239,1.40845070422535,"Bacteria","Planctomycetota","Phycisphaerae","Phycisphaerales","SM1A02","QWPT01","QWPT01",22.526,15.2203,0.285854471636417,"no","decrease","7/19/19","other"
"288","ND57_MAG_00014",3586694,295,18690,61.9928646245391,95.7746478873239,1.40845070422535,"Bacteria","Planctomycetota","Phycisphaerae","Phycisphaerales","SM1A02","QWPT01","QWPT01",24.7807,3.7536,2.84883073711044e-09,"yes","decrease","8/13/19","sig_decrease"
"289","ND57_MAG_00014",3586694,295,18690,61.9928646245391,95.7746478873239,1.40845070422535,"Bacteria","Planctomycetota","Phycisphaerae","Phycisphaerales","SM1A02","QWPT01","QWPT01",48.9747,13.5844,8.71245440243762e-10,"yes","decrease","9/18/19","sig_decrease"
"290","ND57_MAG_00016",2896257,77,64887,42.2630012610477,94.3661971830986,0,"Bacteria","Bacteroidota","Bacteroidia","Flavobacteriales","Crocinitomicaceae","M0103","M0103",52.6517,8.0166,2.05249300198898e-12,"yes","decrease","9/18/19","sig_decrease"
"291","ND57_MAG_00017",2891559,87,60095,36.450302854203,98.5915492957746,4.22535211267606,"Bacteria","Bacteroidota","Bacteroidia","Flavobacteriales","Crocinitomicaceae","M0103","M0103",2.0063,0.0216,0.185409049931225,"no","decrease","8/13/19","other"
"292","ND57_MAG_00017",2891559,87,60095,36.450302854203,98.5915492957746,4.22535211267606,"Bacteria","Bacteroidota","Bacteroidia","Flavobacteriales","Crocinitomicaceae","M0103","M0103",36.8752,6.2732,6.4625500331257e-12,"yes","decrease","9/18/19","sig_decrease"
"293","ND57_MAG_00018",3727026,130,61457,64.4705067238519,95.7746478873239,1.40845070422535,"Bacteria","Proteobacteria","Alphaproteobacteria","Caulobacterales","Hyphomonadaceae","UBA7672","UBA7672",3.6321,1.0179,0.0285231101029207,"yes","decrease","7/19/19","sig_decrease"
"294","ND57_MAG_00018",3727026,130,61457,64.4705067238519,95.7746478873239,1.40845070422535,"Bacteria","Proteobacteria","Alphaproteobacteria","Caulobacterales","Hyphomonadaceae","UBA7672","UBA7672",2.6238,0.2798,0.0243879075538884,"yes","decrease","8/13/19","sig_decrease"
"295","ND57_MAG_00018",3727026,130,61457,64.4705067238519,95.7746478873239,1.40845070422535,"Bacteria","Proteobacteria","Alphaproteobacteria","Caulobacterales","Hyphomonadaceae","UBA7672","UBA7672",22.6483,5.2943,6.97961128240958e-07,"yes","decrease","9/18/19","sig_decrease"
"296","ND57_MAG_00020",2641846,167,28621,67.7664349668434,95.7746478873239,2.8169014084507,"Bacteria","Planctomycetota","Phycisphaerae","Phycisphaerales","SM1A02","SYIB01","SYIB01",3.0535,2.5029,0.668626950411067,"no","decrease","7/19/19","other"
"297","ND57_MAG_00020",2641846,167,28621,67.7664349668434,95.7746478873239,2.8169014084507,"Bacteria","Planctomycetota","Phycisphaerae","Phycisphaerales","SM1A02","SYIB01","SYIB01",23.6603,3.9587,1.86775799413005e-06,"yes","decrease","8/13/19","sig_decrease"
"298","ND57_MAG_00020",2641846,167,28621,67.7664349668434,95.7746478873239,2.8169014084507,"Bacteria","Planctomycetota","Phycisphaerae","Phycisphaerales","SM1A02","SYIB01","SYIB01",179.8556,42.1153,1.57464419560808e-12,"yes","decrease","9/18/19","sig_decrease"
"299","ND57_MAG_00021",2222921,84,61250,38.0965366604105,94.3661971830986,2.8169014084507,"Bacteria","Bacteroidota","Bacteroidia","Chitinophagales","Chitinophagaceae","Ferruginibacter","Ferruginibacter",18.9847,4.2607,6.24610932684994e-08,"yes","decrease","9/18/19","sig_decrease"
"300","ND57_MAG_00023",4857502,383,19918,55.2005207657943,92.9577464788732,1.40845070422535,"Bacteria","Planctomycetota","Planctomycetes","Pirellulales","Pirellulaceae","Pirellula","Pirellula",2.2042,2.1951,0.993076135568294,"no","decrease","8/13/19","other"
"301","ND57_MAG_00023",4857502,383,19918,55.2005207657943,92.9577464788732,1.40845070422535,"Bacteria","Planctomycetota","Planctomycetes","Pirellulales","Pirellulaceae","Pirellula","Pirellula",13.8894,31.6855,0.00381682972381818,"yes","increase","9/18/19","other"
"302","ND57_MAG_00025",1992104,124,27174,51.7345876331086,92.9577464788732,1.40845070422535,"Bacteria","Actinobacteriota","Acidimicrobiia","Acidimicrobiales","Ilumatobacteraceae","F1-20-MAGs119","F1-20-MAGs119",6.8613,2.803,0.0158762092481946,"yes","decrease","7/19/19","sig_decrease"
"303","ND57_MAG_00025",1992104,124,27174,51.7345876331086,92.9577464788732,1.40845070422535,"Bacteria","Actinobacteriota","Acidimicrobiia","Acidimicrobiales","Ilumatobacteraceae","F1-20-MAGs119","F1-20-MAGs119",8.8891,4.3658,0.0149647778763073,"yes","decrease","8/13/19","sig_decrease"
"304","ND57_MAG_00025",1992104,124,27174,51.7345876331086,92.9577464788732,1.40845070422535,"Bacteria","Actinobacteriota","Acidimicrobiia","Acidimicrobiales","Ilumatobacteraceae","F1-20-MAGs119","F1-20-MAGs119",14.5676,32.5342,9.42992280730276e-05,"yes","increase","9/18/19","other"
"305","ND57_MAG_00026",2530506,114,37677,39.6556469106471,90.1408450704225,0,"Bacteria","Bacteroidota","Bacteroidia","Flavobacteriales","UA16","CAIZGX01","CAIZGX01",3.8043,0.0263,0.108424257295354,"no","decrease","7/19/19","other"
"306","ND57_MAG_00026",2530506,114,37677,39.6556469106471,90.1408450704225,0,"Bacteria","Bacteroidota","Bacteroidia","Flavobacteriales","UA16","CAIZGX01","CAIZGX01",71.9141,6.4568,8.55010443117181e-32,"yes","decrease","8/13/19","sig_decrease"
"307","ND57_MAG_00026",2530506,114,37677,39.6556469106471,90.1408450704225,0,"Bacteria","Bacteroidota","Bacteroidia","Flavobacteriales","UA16","CAIZGX01","CAIZGX01",26.9463,4.8313,1.69293104545425e-07,"yes","decrease","9/18/19","sig_decrease"
"308","ND57_MAG_00027",2797789,171,26051,38.0758801387751,95.7746478873239,5.63380281690141,"Bacteria","Bacteroidota","Bacteroidia","Flavobacteriales","Crocinitomicaceae","M0103","M0103",4.0865,1.3457,0.0316956660211085,"yes","decrease","7/19/19","sig_decrease"
"309","ND57_MAG_00027",2797789,171,26051,38.0758801387751,95.7746478873239,5.63380281690141,"Bacteria","Bacteroidota","Bacteroidia","Flavobacteriales","Crocinitomicaceae","M0103","M0103",51.6182,5.8189,1.81203173361171e-23,"yes","decrease","8/13/19","sig_decrease"
"310","ND57_MAG_00027",2797789,171,26051,38.0758801387751,95.7746478873239,5.63380281690141,"Bacteria","Bacteroidota","Bacteroidia","Flavobacteriales","Crocinitomicaceae","M0103","M0103",210.1091,37.2839,1.08226230654262e-24,"yes","decrease","9/18/19","sig_decrease"
"311","ND57_MAG_00028",2450226,32,146936,39.499810038454,88.7323943661972,0,"Bacteria","Bacteroidota","Bacteroidia","Flavobacteriales","UA16","CAIZGX01","CAIZGX01",65.9392,11.3383,2.15453864375877e-10,"yes","decrease","9/18/19","sig_decrease"
"312","ND57_MAG_00029",1205555,128,12662,32.6377479670103,91.5492957746479,2.8169014084507,"Bacteria","Proteobacteria","Alphaproteobacteria","Rickettsiales","UBA1997","RFXY01","RFXY01",13,1.6814,9.64850479273822e-07,"yes","decrease","9/18/19","sig_decrease"
"313","ND57_MAG_00030",2227947,206,16224,41.2232808550417,90.1408450704225,1.40845070422535,"Bacteria","Bacteroidota","Bacteroidia","Flavobacteriales","Crocinitomicaceae","UBA952","UBA952",14.4504,2.2031,3.58083704503757e-07,"yes","decrease","9/18/19","sig_decrease"
"314","ND57_MAG_00031",2034773,240,11359,41.4095593445665,90.1408450704225,1.40845070422535,"Bacteria","Bacteroidota","Bacteroidia","Flavobacteriales","Crocinitomicaceae","UBA952","UBA952",9.4388,1.4513,3.9632724448239e-05,"yes","decrease","9/18/19","sig_decrease"
"315","ND57_MAG_00032",2877616,344,11846,41.8495841707347,95.7746478873239,7.04225352112676,"Bacteria","Bacteroidota","Bacteroidia","Flavobacteriales","Crocinitomicaceae","M0103","M0103",24.7791,3.938,1.59174002662856e-09,"yes","decrease","9/18/19","sig_decrease"
"316","ND57_MAG_00033",1656459,241,7868,35.3224956673508,95.7746478873239,7.04225352112676,"Bacteria","Bacteroidota","Bacteroidia","Chitinophagales","Chitinophagaceae","CAIWHF01","CAIWHF01",8.8492,0.8308,4.79105109058542e-05,"yes","decrease","7/19/19","sig_decrease"
"317","ND57_MAG_00033",1656459,241,7868,35.3224956673508,95.7746478873239,7.04225352112676,"Bacteria","Bacteroidota","Bacteroidia","Chitinophagales","Chitinophagaceae","CAIWHF01","CAIWHF01",6.5591,2.2808,0.00835815285753158,"yes","decrease","9/18/19","sig_decrease"
"318","ND57_MAG_00034",1508179,120,18716,35.3082060862237,88.7323943661972,1.40845070422535,"Bacteria","Bacteroidota","Bacteroidia","Chitinophagales","Chitinophagaceae","Sediminibacterium",NA,4.2984,0.8398,0.00768614229306537,"yes","decrease","7/19/19","sig_decrease"
"319","ND57_MAG_00034",1508179,120,18716,35.3082060862237,88.7323943661972,1.40845070422535,"Bacteria","Bacteroidota","Bacteroidia","Chitinophagales","Chitinophagaceae","Sediminibacterium",NA,3.5934,0.5424,0.00942849746305701,"yes","decrease","8/13/19","sig_decrease"
"320","ND57_MAG_00034",1508179,120,18716,35.3082060862237,88.7323943661972,1.40845070422535,"Bacteria","Bacteroidota","Bacteroidia","Chitinophagales","Chitinophagaceae","Sediminibacterium",NA,28.3516,12.3132,6.71714802781504e-05,"yes","decrease","9/18/19","sig_decrease"
"321","ND57_MAG_00035",2764184,200,23614,35.0130062505472,91.5492957746479,4.22535211267606,"Bacteria","Bacteroidota","Bacteroidia","Flavobacteriales","Crocinitomicaceae","UBA952","UBA952",7.7753,0.6864,0.000115578757982655,"yes","decrease","8/13/19","sig_decrease"
"322","ND57_MAG_00035",2764184,200,23614,35.0130062505472,91.5492957746479,4.22535211267606,"Bacteria","Bacteroidota","Bacteroidia","Flavobacteriales","Crocinitomicaceae","UBA952","UBA952",59.5663,11.038,1.5996539550835e-20,"yes","decrease","9/18/19","sig_decrease"
"323","ND57_MAG_00036",2573517,260,14100,37.7516471125926,95.7746478873239,8.45070422535211,"Bacteria","Bacteroidota","Bacteroidia","Chitinophagales","Chitinophagaceae","Sediminibacterium","Sediminibacterium",21.6664,4.3685,2.80745178398327e-09,"yes","decrease","7/19/19","sig_decrease"
"324","ND57_MAG_00036",2573517,260,14100,37.7516471125926,95.7746478873239,8.45070422535211,"Bacteria","Bacteroidota","Bacteroidia","Chitinophagales","Chitinophagaceae","Sediminibacterium","Sediminibacterium",45.9285,7.2743,3.80833603401267e-09,"yes","decrease","8/13/19","sig_decrease"
"325","ND57_MAG_00036",2573517,260,14100,37.7516471125926,95.7746478873239,8.45070422535211,"Bacteria","Bacteroidota","Bacteroidia","Chitinophagales","Chitinophagaceae","Sediminibacterium","Sediminibacterium",31.6741,17.7791,0.000230613306795327,"yes","decrease","9/18/19","sig_decrease"
"326","ND57_MAG_00037",2181982,166,17306,64.6979141957981,92.9577464788732,5.63380281690141,"Bacteria","Verrucomicrobiota","Verrucomicrobiae","Opitutales","UBA953","UBA953","UBA953",10.0204,6.4469,0.30721114332046,"no","decrease","7/19/19","other"
"327","ND57_MAG_00037",2181982,166,17306,64.6979141957981,92.9577464788732,5.63380281690141,"Bacteria","Verrucomicrobiota","Verrucomicrobiae","Opitutales","UBA953","UBA953","UBA953",57.376,6.3086,6.78395102266122e-10,"yes","decrease","8/13/19","sig_decrease"
"328","ND57_MAG_00037",2181982,166,17306,64.6979141957981,92.9577464788732,5.63380281690141,"Bacteria","Verrucomicrobiota","Verrucomicrobiae","Opitutales","UBA953","UBA953","UBA953",118.8158,27.5997,5.63262075546552e-12,"yes","decrease","9/18/19","sig_decrease"
"329","ND57_MAG_00038",1194428,113,16672,47.9320707343307,90.1408450704225,2.8169014084507,"Bacteria","Actinobacteriota","Actinomycetia","Actinomycetales","Microbacteriaceae","Rhodoluna","Rhodoluna",31.1793,19.7791,0.00288721841335651,"yes","decrease","7/19/19","sig_decrease"
"330","ND57_MAG_00038",1194428,113,16672,47.9320707343307,90.1408450704225,2.8169014084507,"Bacteria","Actinobacteriota","Actinomycetia","Actinomycetales","Microbacteriaceae","Rhodoluna","Rhodoluna",16.5649,14.2602,0.406869687293926,"no","decrease","8/13/19","other"
"331","ND57_MAG_00038",1194428,113,16672,47.9320707343307,90.1408450704225,2.8169014084507,"Bacteria","Actinobacteriota","Actinomycetia","Actinomycetales","Microbacteriaceae","Rhodoluna","Rhodoluna",10.7657,18.5658,0.00972802899863307,"yes","increase","9/18/19","other"
"332","ND57_MAG_00040",3330433,336,22543,47.3438794056131,95.7746478873239,9.85915492957746,"Bacteria","Proteobacteria","Gammaproteobacteria","Burkholderiales","Burkholderiaceae","SYFN01","SYFN01",8.1046,10.0894,0.446722498358971,"no","increase","7/19/19","other"
"333","ND57_MAG_00040",3330433,336,22543,47.3438794056131,95.7746478873239,9.85915492957746,"Bacteria","Proteobacteria","Gammaproteobacteria","Burkholderiales","Burkholderiaceae","SYFN01","SYFN01",10.8426,15.2793,0.0935658944866042,"no","increase","8/13/19","other"
"334","ND57_MAG_00040",3330433,336,22543,47.3438794056131,95.7746478873239,9.85915492957746,"Bacteria","Proteobacteria","Gammaproteobacteria","Burkholderiales","Burkholderiaceae","SYFN01","SYFN01",8.9391,12.2484,0.189808572490799,"no","increase","9/18/19","other"
"335","ND57_MAG_00041",2152987,341,7864,52.8461995609166,87.3239436619718,1.40845070422535,"Bacteria","Verrucomicrobiota","Verrucomicrobiae","Opitutales","UBA953","UBA953","UBA953",12.3387,3.8328,0.000118377434436683,"yes","decrease","9/18/19","sig_decrease"
"336","ND57_MAG_00042",2066246,188,18483,45.0460061255917,90.1408450704225,4.22535211267606,"Bacteria","Bacteroidota","Bacteroidia","NS11-12g","UBA955","UBA955","UBA955",3.0426,0.0568,0.0608566650279891,"no","decrease","7/19/19","other"
"337","ND57_MAG_00042",2066246,188,18483,45.0460061255917,90.1408450704225,4.22535211267606,"Bacteria","Bacteroidota","Bacteroidia","NS11-12g","UBA955","UBA955","UBA955",7.4028,0.2914,0.000613178097704168,"yes","decrease","8/13/19","sig_decrease"
"338","ND57_MAG_00042",2066246,188,18483,45.0460061255917,90.1408450704225,4.22535211267606,"Bacteria","Bacteroidota","Bacteroidia","NS11-12g","UBA955","UBA955","UBA955",18.2382,2.6876,9.47955126570054e-09,"yes","decrease","9/18/19","sig_decrease"
"339","ND57_MAG_00043",2376436,214,15230,35.5721002528925,90.1408450704225,4.22535211267606,"Bacteria","Bacteroidota","Bacteroidia","Flavobacteriales","Crocinitomicaceae","UBA952","UBA952",14.9365,2.5026,3.21866642837854e-07,"yes","decrease","9/18/19","sig_decrease"
"340","ND57_MAG_00044",2464526,233,18621,43.2178909426181,90.1408450704225,4.22535211267606,"Bacteria","Bacteroidota","Bacteroidia","Flavobacteriales","Crocinitomicaceae","UBA952","UBA952",12.0034,0.8257,2.53392278576195e-06,"yes","decrease","8/13/19","sig_decrease"
"341","ND57_MAG_00044",2464526,233,18621,43.2178909426181,90.1408450704225,4.22535211267606,"Bacteria","Bacteroidota","Bacteroidia","Flavobacteriales","Crocinitomicaceae","UBA952","UBA952",40.7561,6.7224,4.33205253812246e-10,"yes","decrease","9/18/19","sig_decrease"
"342","ND57_MAG_00045",2276274,256,11947,45.6302518033767,91.5492957746479,7.04225352112676,"Bacteria","Bacteroidota","Bacteroidia","NS11-12g","UBA955","RGEC01","RGEC01",10.5292,1.6931,1.58977382701875e-05,"yes","decrease","9/18/19","sig_decrease"
"343","ND57_MAG_00046",2348397,445,5744,41.7961207165197,91.5492957746479,7.04225352112676,"Bacteria","Bacteroidota","Bacteroidia","Flavobacteriales","UA16","CAIZGX01","CAIZGX01",185.1541,33.6167,1.33730641550523e-20,"yes","decrease","9/18/19","sig_decrease"
"344","ND57_MAG_00047",2101063,178,19437,35.7706880077949,84.5070422535211,0,"Bacteria","Bacteroidota","Bacteroidia","Chitinophagales","Chitinophagaceae","Sediminibacterium",NA,11.9986,7.4301,0.0531593087372091,"no","decrease","9/18/19","other"
"345","ND57_MAG_00048",3312242,244,23755,66.8444091607475,85.9154929577465,1.40845070422535,"Bacteria","Gemmatimonadota","Gemmatimonadetes","Gemmatimonadales","Gemmatimonadaceae","Gemmatimonas","Gemmatimonas",5.9504,1.0163,0.00130041813322202,"yes","decrease","7/19/19","sig_decrease"
"346","ND57_MAG_00048",3312242,244,23755,66.8444091607475,85.9154929577465,1.40845070422535,"Bacteria","Gemmatimonadota","Gemmatimonadetes","Gemmatimonadales","Gemmatimonadaceae","Gemmatimonas","Gemmatimonas",3.8579,0.5784,0.00711071131341548,"yes","decrease","8/13/19","sig_decrease"
"347","ND57_MAG_00048",3312242,244,23755,66.8444091607475,85.9154929577465,1.40845070422535,"Bacteria","Gemmatimonadota","Gemmatimonadetes","Gemmatimonadales","Gemmatimonadaceae","Gemmatimonas","Gemmatimonas",23.2695,3.4279,8.4526699688115e-09,"yes","decrease","9/18/19","sig_decrease"
"348","ND57_MAG_00049",3229480,328,14066,70.0948409896362,84.5070422535211,1.40845070422535,"Bacteria","Verrucomicrobiota","Verrucomicrobiae","Opitutales","Opitutaceae","ER46","ER46",2.5832,0.5168,0.0398280166897065,"yes","decrease","7/19/19","sig_decrease"
"349","ND57_MAG_00049",3229480,328,14066,70.0948409896362,84.5070422535211,1.40845070422535,"Bacteria","Verrucomicrobiota","Verrucomicrobiae","Opitutales","Opitutaceae","ER46","ER46",69.1159,5.3946,1.47124318022411e-16,"yes","decrease","8/13/19","sig_decrease"
"350","ND57_MAG_00049",3229480,328,14066,70.0948409896362,84.5070422535211,1.40845070422535,"Bacteria","Verrucomicrobiota","Verrucomicrobiae","Opitutales","Opitutaceae","ER46","ER46",79.14,8.3302,1.15972095115537e-17,"yes","decrease","9/18/19","sig_decrease"
"351","ND57_MAG_00050",2924288,164,31972,46.8524598092563,90.1408450704225,7.04225352112676,"Bacteria","Bacteroidota","Bacteroidia","Flavobacteriales",NA,NA,NA,48.4807,6.4116,3.52206326077298e-15,"yes","decrease","9/18/19","sig_decrease"
"352","ND57_MAG_00051",2792586,492,6416,37.1232449662679,83.0985915492958,1.40845070422535,"Bacteria","Bacteroidota","Bacteroidia","Chitinophagales","Saprospiraceae","BJGN01","BJGN01",9.3774,3.3172,0.00180643525675096,"yes","decrease","9/18/19","sig_decrease"
"353","ND57_MAG_00053",3003422,475,7716,47.0512362878257,88.7323943661972,7.04225352112676,"Bacteria","Bacteroidota","Bacteroidia",NA,NA,NA,NA,9.4019,0.9745,2.73105831414249e-05,"yes","decrease","9/18/19","sig_decrease"
"354","ND57_MAG_00054",2029407,164,17056,35.2949801993944,87.3239436619718,5.63380281690141,"Bacteria","Bacteroidota","Bacteroidia","Flavobacteriales","Crocinitomicaceae","UBA952","UBA952",29.5983,5.0592,2.01671860823508e-10,"yes","decrease","9/18/19","sig_decrease"
"355","ND57_MAG_00055",2652088,338,10281,35.4369787643611,85.9154929577465,5.63380281690141,"Bacteria","Bacteroidota","Bacteroidia","Flavobacteriales","Crocinitomicaceae","UBA952","UBA952",11.5594,1.9781,7.4354126776764e-06,"yes","decrease","9/18/19","sig_decrease"
"356","ND57_MAG_00056",3273008,414,10141,65.0874310160952,88.7323943661972,8.45070422535211,"Bacteria","Verrucomicrobiota","Verrucomicrobiae","Pedosphaerales","UBA9464","SXXZ01",NA,7.8334,1.784,0.000537175608639515,"yes","decrease","7/19/19","sig_decrease"
"357","ND57_MAG_00056",3273008,414,10141,65.0874310160952,88.7323943661972,8.45070422535211,"Bacteria","Verrucomicrobiota","Verrucomicrobiae","Pedosphaerales","UBA9464","SXXZ01",NA,66.3798,3.2143,8.3807085785625e-18,"yes","decrease","8/13/19","sig_decrease"
"358","ND57_MAG_00056",3273008,414,10141,65.0874310160952,88.7323943661972,8.45070422535211,"Bacteria","Verrucomicrobiota","Verrucomicrobiae","Pedosphaerales","UBA9464","SXXZ01",NA,25.7803,1.9371,1.88961274126498e-10,"yes","decrease","9/18/19","sig_decrease"
"359","ND57_MAG_00057",1570680,317,4884,54.7410015225666,87.3239436619718,7.04225352112676,"Bacteria","Bacteroidota","Bacteroidia","Flavobacteriales","Schleiferiaceae","TMED14",NA,5.6026,0.3419,0.00166149342527974,"yes","decrease","7/19/19","sig_decrease"
"360","ND57_MAG_00057",1570680,317,4884,54.7410015225666,87.3239436619718,7.04225352112676,"Bacteria","Bacteroidota","Bacteroidia","Flavobacteriales","Schleiferiaceae","TMED14",NA,5.3702,0.2879,0.00222083140310639,"yes","decrease","8/13/19","sig_decrease"
"361","ND57_MAG_00057",1570680,317,4884,54.7410015225666,87.3239436619718,7.04225352112676,"Bacteria","Bacteroidota","Bacteroidia","Flavobacteriales","Schleiferiaceae","TMED14",NA,150.9512,22.5923,6.11092900914793e-22,"yes","decrease","9/18/19","sig_decrease"
"362","ND57_MAG_00058",1150823,196,7035,34.140665886021,81.6901408450704,1.40845070422535,"Bacteria","Proteobacteria","Alphaproteobacteria","Rickettsiales","Rickettsiaceae","SXXS01","SXXS01",7.1487,1.1301,0.000364974912732049,"yes","decrease","7/19/19","sig_decrease"
"363","ND57_MAG_00058",1150823,196,7035,34.140665886021,81.6901408450704,1.40845070422535,"Bacteria","Proteobacteria","Alphaproteobacteria","Rickettsiales","Rickettsiaceae","SXXS01","SXXS01",3.6127,0.4703,0.00852762538868415,"yes","decrease","8/13/19","sig_decrease"
"364","ND57_MAG_00058",1150823,196,7035,34.140665886021,81.6901408450704,1.40845070422535,"Bacteria","Proteobacteria","Alphaproteobacteria","Rickettsiales","Rickettsiaceae","SXXS01","SXXS01",7.7495,2.1487,0.00131224078441881,"yes","decrease","9/18/19","sig_decrease"
"365","ND57_MAG_00059",963377,94,17888,62.1224573797801,80.2816901408451,1.40845070422535,"Bacteria","Chloroflexota","Ellin6529","CSP1-4","UBA10416","UBA10416",NA,10.0084,9.8447,0.945760241492516,"no","decrease","7/19/19","other"
"366","ND57_MAG_00059",963377,94,17888,62.1224573797801,80.2816901408451,1.40845070422535,"Bacteria","Chloroflexota","Ellin6529","CSP1-4","UBA10416","UBA10416",NA,6.0965,6.996,0.619303282493022,"no","increase","8/13/19","other"
"367","ND57_MAG_00059",963377,94,17888,62.1224573797801,80.2816901408451,1.40845070422535,"Bacteria","Chloroflexota","Ellin6529","CSP1-4","UBA10416","UBA10416",NA,26.4674,41.1119,0.00127111713088603,"yes","increase","9/18/19","other"
"368","ND57_MAG_00060",1440808,266,6239,59.7711566651076,81.6901408450704,2.8169014084507,"Bacteria","Actinobacteriota","Acidimicrobiia","Acidimicrobiales","Ilumatobacteraceae","F1-60-MAGs027","F1-60-MAGs027",5.8916,2.3907,0.0246517496547626,"yes","decrease","7/19/19","sig_decrease"
"369","ND57_MAG_00060",1440808,266,6239,59.7711566651076,81.6901408450704,2.8169014084507,"Bacteria","Actinobacteriota","Acidimicrobiia","Acidimicrobiales","Ilumatobacteraceae","F1-60-MAGs027","F1-60-MAGs027",11.185,4.8422,0.00208402089228265,"yes","decrease","8/13/19","sig_decrease"
"370","ND57_MAG_00060",1440808,266,6239,59.7711566651076,81.6901408450704,2.8169014084507,"Bacteria","Actinobacteriota","Acidimicrobiia","Acidimicrobiales","Ilumatobacteraceae","F1-60-MAGs027","F1-60-MAGs027",5.4472,6.2633,0.660658965952182,"no","increase","9/18/19","other"
"371","ND57_MAG_00061",3530441,626,6145,42.8246222048019,83.0985915492958,5.63380281690141,"Bacteria","Cyanobacteria","Cyanobacteriia","Cyanobacteriales","Microcystaceae","Microcystis",NA,17.6856,30.5805,0.0160021199432827,"yes","increase","7/19/19","other"
"372","ND57_MAG_00061",3530441,626,6145,42.8246222048019,83.0985915492958,5.63380281690141,"Bacteria","Cyanobacteria","Cyanobacteriia","Cyanobacteriales","Microcystaceae","Microcystis",NA,175.9086,168.4094,0.857736221833818,"no","decrease","8/13/19","other"
"373","ND57_MAG_00061",3530441,626,6145,42.8246222048019,83.0985915492958,5.63380281690141,"Bacteria","Cyanobacteria","Cyanobacteriia","Cyanobacteriales","Microcystaceae","Microcystis",NA,75.1235,112.7731,0.214902629108127,"no","increase","9/18/19","other"
"374","ND57_MAG_00062",2417363,536,4524,59.1384175648349,83.0985915492958,8.45070422535211,"Bacteria","Proteobacteria","Gammaproteobacteria","Xanthomonadales","Xanthomonadaceae","Arenimonas","Arenimonas",7.165,7.4003,0.909186032928426,"no","increase","7/19/19","other"
"375","ND57_MAG_00062",2417363,536,4524,59.1384175648349,83.0985915492958,8.45070422535211,"Bacteria","Proteobacteria","Gammaproteobacteria","Xanthomonadales","Xanthomonadaceae","Arenimonas","Arenimonas",11.3521,14.0515,0.309683164714108,"no","increase","8/13/19","other"
"376","ND57_MAG_00062",2417363,536,4524,59.1384175648349,83.0985915492958,8.45070422535211,"Bacteria","Proteobacteria","Gammaproteobacteria","Xanthomonadales","Xanthomonadaceae","Arenimonas","Arenimonas",20.1847,37.3615,0.000279937923512665,"yes","increase","9/18/19","other"
"377","ND57_MAG_00063",2441786,174,20511,47.2213025459102,80.2816901408451,5.63380281690141,"Bacteria","Bacteroidota","Bacteroidia","Flavobacteriales","UA16","CAIZGX01","CAIZGX01",1.575,0.0054,0.404194578025161,"no","decrease","7/19/19","other"
"378","ND57_MAG_00063",2441786,174,20511,47.2213025459102,80.2816901408451,5.63380281690141,"Bacteria","Bacteroidota","Bacteroidia","Flavobacteriales","UA16","CAIZGX01","CAIZGX01",4.4562,0.191,0.00701970570814334,"yes","decrease","8/13/19","sig_decrease"
"379","ND57_MAG_00063",2441786,174,20511,47.2213025459102,80.2816901408451,5.63380281690141,"Bacteria","Bacteroidota","Bacteroidia","Flavobacteriales","UA16","CAIZGX01","CAIZGX01",53.3863,7.0803,4.29155477332066e-16,"yes","decrease","9/18/19","sig_decrease"
